{"v":"5.12.1","fr":30,"ip":145,"op":211,"w":3710,"h":3710,"nm":"Comp 1","ddd":0,"assets":[],"layers":[{"ddd":0,"ind":1,"ty":4,"nm":"Shape Layer 1","sr":1,"ks":{"o":{"a":0,"k":100,"ix":11},"r":{"a":0,"k":0,"ix":10},"p":{"a":0,"k":[1490.988,1792.496,0],"ix":2,"l":2},"a":{"a":0,"k":[-364.012,-62.504,0],"ix":1,"l":2},"s":{"a":0,"k":[100,100,100],"ix":6,"l":2}},"ao":0,"shapes":[{"ty":"gr","it":[{"ind":0,"ty":"sh","ix":1,"ks":{"a":0,"k":{"i":[[158.624,-100.692],[-263.879,-339.844],[-420,544]],"o":[[-575,365],[330,425],[54.659,-70.797]],"v":[[-720,-810],[-1045,730],[450,496]],"c":false},"ix":2},"nm":"Path 1","mn":"ADBE Vector Shape - Group","hd":false},{"ty":"st","c":{"a":0,"k":[1,1,1,1],"ix":3},"o":{"a":0,"k":100,"ix":4},"w":{"a":0,"k":20,"ix":5},"lc":2,"lj":1,"ml":4,"bm":0,"d":[{"n":"d","nm":"dash","v":{"a":0,"k":50,"ix":1}},{"n":"g","nm":"gap","v":{"a":0,"k":80,"ix":2}},{"n":"o","nm":"offset","v":{"a":0,"k":0,"ix":7}}],"nm":"Stroke 1","mn":"ADBE Vector Graphic - Stroke","hd":false},{"ty":"tr","p":{"a":0,"k":[0,0],"ix":2},"a":{"a":0,"k":[0,0],"ix":1},"s":{"a":0,"k":[100,100],"ix":3},"r":{"a":0,"k":0,"ix":6},"o":{"a":0,"k":100,"ix":7},"sk":{"a":0,"k":0,"ix":4},"sa":{"a":0,"k":0,"ix":5},"nm":"Transform"}],"nm":"Shape 1","np":3,"cix":2,"bm":0,"ix":1,"mn":"ADBE Vector Group","hd":false},{"ty":"tm","s":{"a":0,"k":0,"ix":1},"e":{"a":1,"k":[{"i":{"x":[0.61],"y":[1]},"o":{"x":[0.274],"y":[0]},"t":-30,"s":[100]},{"i":{"x":[0.839],"y":[1]},"o":{"x":[0.23],"y":[0]},"t":-20,"s":[0]},{"i":{"x":[0],"y":[1]},"o":{"x":[0.333],"y":[0]},"t":180,"s":[0]},{"t":200,"s":[100]}],"ix":2},"o":{"a":0,"k":0,"ix":3},"m":1,"ix":2,"nm":"Trim Paths 1","mn":"ADBE Vector Filter - Trim","hd":false}],"ip":0,"op":450,"st":0,"ct":1,"bm":0},{"ddd":0,"ind":2,"ty":4,"nm":"Layer 6","sr":1,"ks":{"o":{"a":0,"k":100,"ix":11},"r":{"a":0,"k":-32.2,"ix":10,"x":"var $bm_rt;\nvar cornerEase, pre, post, delta;\ncornerEase = 3;\npre = position.valueAtTime($bm_sub(time, $bm_mul(thisComp.frameDuration, cornerEase)));\npost = position.valueAtTime($bm_sum(time, $bm_mul(thisComp.frameDuration, cornerEase)));\n$bm_rt = delta = $bm_sub(post, pre);\nif (delta[0] == 0 && delta[1] == 0) {\n    if (time >= thisLayer.outPoint) {\n        $bm_rt = value;\n    } else {\n        $bm_rt = $bm_transform.rotation;\n    }\n} else {\n    $bm_rt = $bm_sub(radiansToDegrees(Math.atan2(delta[0], $bm_neg(delta[1]))), 70);\n}"},"p":{"a":1,"k":[{"i":{"x":0.465,"y":0.528},"o":{"x":0.452,"y":0.054},"t":180,"s":[1135,1045,0],"to":[-575,365,0],"ti":[-263.879,-339.844,0]},{"i":{"x":0.374,"y":1},"o":{"x":0.123,"y":0.501},"t":183.583,"s":[810,2585,0],"to":[330,425,0],"ti":[-420,544,0]},{"t":200,"s":[2305,2351,0]}],"ix":2,"l":2},"a":{"a":0,"k":[2037,2172,0],"ix":1,"l":2},"s":{"a":1,"k":[{"i":{"x":[0,0,0],"y":[1,1,1]},"o":{"x":[0.167,0.167,0.167],"y":[0.083,0.083,8.333]},"t":180,"s":[0,0,100]},{"t":210,"s":[100,100,100]}],"ix":6,"l":2}},"ao":0,"shapes":[{"ty":"gr","it":[{"ty":"gr","it":[{"ind":0,"ty":"sh","ix":1,"ks":{"a":0,"k":{"i":[[0,0],[0,0],[0,0]],"o":[[0,0],[0,0],[0,0]],"v":[[42.594,-59.932],[-40.316,84.444],[-42.594,-84.444]],"c":true},"ix":2},"nm":"Path 1","mn":"ADBE Vector Shape - Group","hd":false},{"ty":"gf","o":{"a":0,"k":100,"ix":10},"r":1,"bm":0,"g":{"p":3,"k":{"a":0,"k":[0,0.035,0,0.365,0.5,0.069,0.029,0.467,1,0.102,0.059,0.569],"ix":9}},"s":{"a":0,"k":[523.524,-952.179],"ix":5},"e":{"a":0,"k":[61.533,-175.195],"ix":6},"t":1,"nm":"Gradient Fill 1","mn":"ADBE Vector Graphic - G-Fill","hd":false},{"ty":"tr","p":{"a":0,"k":[2346.476,2290.179],"ix":2},"a":{"a":0,"k":[0,0],"ix":1},"s":{"a":0,"k":[100,100],"ix":3},"r":{"a":0,"k":0,"ix":6},"o":{"a":0,"k":100,"ix":7},"sk":{"a":0,"k":0,"ix":4},"sa":{"a":0,"k":0,"ix":5},"nm":"Transform"}],"nm":"Group 1","np":2,"cix":2,"bm":0,"ix":1,"mn":"ADBE Vector Group","hd":false},{"ty":"gr","it":[{"ind":0,"ty":"sh","ix":1,"ks":{"a":0,"k":{"i":[[0,0],[0,0],[0,0],[0,0]],"o":[[0,0],[0,0],[0,0],[0,0]],"v":[[-433.214,336.891],[433.214,-439.638],[-289.858,379.321],[-251.941,439.638]],"c":true},"ix":2},"nm":"Path 1","mn":"ADBE Vector Shape - Group","hd":false},{"ty":"gf","o":{"a":0,"k":100,"ix":10},"r":1,"bm":0,"g":{"p":3,"k":{"a":0,"k":[0,0.31,0.322,1,0.5,0.28,0.29,0.943,1,0.251,0.259,0.886],"ix":9}},"s":{"a":0,"k":[-194.739,-609.414],"ix":5},"e":{"a":0,"k":[33.632,46.824],"ix":6},"t":1,"nm":"Gradient Fill 1","mn":"ADBE Vector Graphic - G-Fill","hd":false},{"ty":"tr","p":{"a":0,"k":[2593.74,1826.414],"ix":2},"a":{"a":0,"k":[0,0],"ix":1},"s":{"a":0,"k":[100,100],"ix":3},"r":{"a":0,"k":0,"ix":6},"o":{"a":0,"k":100,"ix":7},"sk":{"a":0,"k":0,"ix":4},"sa":{"a":0,"k":0,"ix":5},"nm":"Transform"}],"nm":"Group 2","np":2,"cix":2,"bm":0,"ix":2,"mn":"ADBE Vector Group","hd":false},{"ty":"gr","it":[{"ind":0,"ty":"sh","ix":1,"ks":{"a":0,"k":{"i":[[0,0],[0,0],[15.323,-8.765],[16.942,4.958],[0,0],[1.06,10.554],[-9.385,4.943]],"o":[[0,0],[-4.317,17.117],[-15.323,8.764],[0,0],[-10.18,-2.979],[-1.059,-10.554],[0,0]],"v":[[607.251,-471.558],[381.814,422.481],[351.078,462.986],[300.582,468.944],[-588.525,208.783],[-607.12,186.394],[-593.346,160.755]],"c":true},"ix":2},"nm":"Path 1","mn":"ADBE Vector Shape - Group","hd":false},{"ty":"gf","o":{"a":0,"k":100,"ix":10},"r":1,"bm":0,"g":{"p":3,"k":{"a":0,"k":[0,0.31,0.322,1,0.5,0.28,0.29,0.943,1,0.251,0.259,0.886],"ix":9}},"s":{"a":0,"k":[-14.702,-139.335],"ix":5},"e":{"a":0,"k":[2389.747,616.649],"ix":6},"t":1,"nm":"Gradient Fill 1","mn":"ADBE Vector Graphic - G-Fill","hd":false},{"ty":"tr","p":{"a":0,"k":[2419.702,1858.335],"ix":2},"a":{"a":0,"k":[0,0],"ix":1},"s":{"a":0,"k":[100,100],"ix":3},"r":{"a":0,"k":0,"ix":6},"o":{"a":0,"k":100,"ix":7},"sk":{"a":0,"k":0,"ix":4},"sa":{"a":0,"k":0,"ix":5},"nm":"Transform"}],"nm":"Group 3","np":2,"cix":2,"bm":0,"ix":3,"mn":"ADBE Vector Group","hd":false},{"ty":"gr","it":[{"ind":0,"ty":"sh","ix":1,"ks":{"a":0,"k":{"i":[[0,0],[0,0],[0,0]],"o":[[0,0],[0,0],[0,0]],"v":[[-113.086,-105.648],[32.633,105.648],[113.086,-83.882]],"c":true},"ix":2},"nm":"Path 1","mn":"ADBE Vector Shape - Group","hd":false},{"ty":"gf","o":{"a":0,"k":100,"ix":10},"r":1,"bm":0,"g":{"p":3,"k":{"a":0,"k":[0,0.31,0.322,1,0.5,0.28,0.29,0.943,1,0.251,0.259,0.886],"ix":9}},"s":{"a":0,"k":[-283.527,-909.976],"ix":5},"e":{"a":0,"k":[-55.156,-253.739],"ix":6},"t":1,"nm":"Gradient Fill 1","mn":"ADBE Vector Graphic - G-Fill","hd":false},{"ty":"tr","p":{"a":0,"k":[2273.527,2268.976],"ix":2},"a":{"a":0,"k":[0,0],"ix":1},"s":{"a":0,"k":[100,100],"ix":3},"r":{"a":0,"k":0,"ix":6},"o":{"a":0,"k":100,"ix":7},"sk":{"a":0,"k":0,"ix":4},"sa":{"a":0,"k":0,"ix":5},"nm":"Transform"}],"nm":"Group 4","np":2,"cix":2,"bm":0,"ix":4,"mn":"ADBE Vector Group","hd":false},{"ty":"tr","p":{"a":0,"k":[2419.702,1880.7],"ix":2},"a":{"a":0,"k":[2419.702,1880.7],"ix":1},"s":{"a":0,"k":[100,100],"ix":3},"r":{"a":0,"k":31,"ix":6},"o":{"a":0,"k":100,"ix":7},"sk":{"a":0,"k":0,"ix":4},"sa":{"a":0,"k":0,"ix":5},"nm":"Transform"}],"nm":"Group 1","np":4,"cix":2,"bm":0,"ix":1,"mn":"ADBE Vector Group","hd":false}],"ip":0,"op":528,"st":0,"ct":1,"bm":0},{"ddd":0,"ind":3,"ty":4,"nm":"Layer 4","sr":1,"ks":{"o":{"a":0,"k":100,"ix":11},"r":{"a":1,"k":[{"i":{"x":[0.833],"y":[0.833]},"o":{"x":[0.167],"y":[0.167]},"t":145,"s":[0]},{"t":210,"s":[-360]}],"ix":10},"p":{"a":0,"k":[3039.346,645.35,0],"ix":2,"l":2},"a":{"a":0,"k":[3039.346,645.35,0],"ix":1,"l":2},"s":{"a":0,"k":[100,100,100],"ix":6,"l":2}},"ao":0,"shapes":[{"ty":"gr","it":[{"ind":0,"ty":"sh","ix":1,"ks":{"a":0,"k":{"i":[[5.647,2.736],[-1.241,2.545],[-2.668,-1.31],[-5.476,-1.348],[-30.168,18.194],[67.969,16.719],[13.886,-36.774],[11.246,-3.454],[0.884,2.868],[-3.887,15.79],[-48.104,-11.837],[19.21,-50.859],[45.349,11.162],[0.002,0.001]],"o":[[-3.096,-1.49],[1.316,-2.697],[5.005,2.44],[1.18,0.058],[59.821,-36.197],[-39.104,-9.622],[-13.988,37.035],[-2.867,0.885],[-4.764,-15.463],[11.791,-47.949],[51.762,12.734],[-15.489,41.02],[0,0],[-6.136,-1.512]],"v":[[-39.208,80.695],[-41.903,73.338],[-34.64,70.837],[-18.848,76.549],[40.808,67.448],[18.838,-76.575],[-73.754,-27.918],[-78.986,29.911],[-85.774,26.319],[-87.114,-21.452],[21.434,-87.122],[83.863,31.857],[-21.445,87.096],[-21.446,87.095]],"c":true},"ix":2},"nm":"Path 1","mn":"ADBE Vector Shape - Group","hd":false},{"ty":"fl","c":{"a":0,"k":[1,1,1,1],"ix":4},"o":{"a":0,"k":100,"ix":5},"r":1,"bm":0,"nm":"Fill 1","mn":"ADBE Vector Graphic - Fill","hd":false},{"ty":"tr","p":{"a":0,"k":[3040.051,645.296],"ix":2},"a":{"a":0,"k":[0,0],"ix":1},"s":{"a":0,"k":[100,100],"ix":3},"r":{"a":0,"k":0,"ix":6},"o":{"a":0,"k":100,"ix":7},"sk":{"a":0,"k":0,"ix":4},"sa":{"a":0,"k":0,"ix":5},"nm":"Transform"}],"nm":"Group 1","np":2,"cix":2,"bm":0,"ix":1,"mn":"ADBE Vector Group","hd":false},{"ty":"gr","it":[{"ind":0,"ty":"sh","ix":1,"ks":{"a":0,"k":{"i":[[1.72,0.948],[4.097,2.678],[-1.094,1.675],[-11.083,-6.079],[0.961,-1.754]],"o":[[-4.299,-2.359],[-1.673,-1.095],[2.756,-4.213],[1.753,0.963],[-0.976,1.778]],"v":[[4.465,6.912],[-8.188,-0.677],[-9.237,-5.69],[7.948,0.563],[9.381,5.479]],"c":true},"ix":2},"nm":"Path 1","mn":"ADBE Vector Shape - Group","hd":false},{"ty":"fl","c":{"a":0,"k":[0.741176486015,0.815686285496,0.984313726425,1],"ix":4},"o":{"a":0,"k":100,"ix":5},"r":1,"bm":0,"nm":"Fill 1","mn":"ADBE Vector Graphic - Fill","hd":false},{"ty":"tr","p":{"a":0,"k":[2943.352,806.224],"ix":2},"a":{"a":0,"k":[0,0],"ix":1},"s":{"a":0,"k":[100,100],"ix":3},"r":{"a":0,"k":0,"ix":6},"o":{"a":0,"k":100,"ix":7},"sk":{"a":0,"k":0,"ix":4},"sa":{"a":0,"k":0,"ix":5},"nm":"Transform"}],"nm":"Group 2","np":2,"cix":2,"bm":0,"ix":2,"mn":"ADBE Vector Group","hd":false},{"ty":"gr","it":[{"ind":0,"ty":"sh","ix":1,"ks":{"a":0,"k":{"i":[[-0.407,1.961],[-6.041,-0.308],[0.1,-1.997],[1.978,-9.53],[1.959,0.407]],"o":[[5.354,-25.809],[2,0.1],[-0.497,9.781],[-0.406,1.957],[-1.954,-0.406]],"v":[[-5.374,13.54],[2.012,-17.887],[5.446,-14.088],[1.716,15.013],[-2.565,17.822]],"c":true},"ix":2},"nm":"Path 1","mn":"ADBE Vector Shape - Group","hd":false},{"ty":"fl","c":{"a":0,"k":[0.741176486015,0.815686285496,0.984313726425,1],"ix":4},"o":{"a":0,"k":100,"ix":5},"r":1,"bm":0,"nm":"Fill 1","mn":"ADBE Vector Graphic - Fill","hd":false},{"ty":"tr","p":{"a":0,"k":[3224.629,669.618],"ix":2},"a":{"a":0,"k":[0,0],"ix":1},"s":{"a":0,"k":[100,100],"ix":3},"r":{"a":0,"k":0,"ix":6},"o":{"a":0,"k":100,"ix":7},"sk":{"a":0,"k":0,"ix":4},"sa":{"a":0,"k":0,"ix":5},"nm":"Transform"}],"nm":"Group 3","np":2,"cix":2,"bm":0,"ix":3,"mn":"ADBE Vector Group","hd":false},{"ty":"gr","it":[{"ind":0,"ty":"sh","ix":1,"ks":{"a":0,"k":{"i":[[1.636,1.141],[-11.551,23.536],[2.111,-4.304],[5.599,-8.009]],"o":[[-4.953,-3.464],[2.106,-4.296],[-4.297,8.756],[-1.149,1.642]],"v":[[-9.371,15.366],[4.083,-13.98],[10.585,-10.791],[-4.328,14.473]],"c":true},"ix":2},"nm":"Path 1","mn":"ADBE Vector Shape - Group","hd":false},{"ty":"fl","c":{"a":0,"k":[0.741176486015,0.815686285496,0.984313726425,1],"ix":4},"o":{"a":0,"k":100,"ix":5},"r":1,"bm":0,"nm":"Fill 1","mn":"ADBE Vector Graphic - Fill","hd":false},{"ty":"tr","p":{"a":0,"k":[3200.318,740.45],"ix":2},"a":{"a":0,"k":[0,0],"ix":1},"s":{"a":0,"k":[100,100],"ix":3},"r":{"a":0,"k":0,"ix":6},"o":{"a":0,"k":100,"ix":7},"sk":{"a":0,"k":0,"ix":4},"sa":{"a":0,"k":0,"ix":5},"nm":"Transform"}],"nm":"Group 4","np":2,"cix":2,"bm":0,"ix":4,"mn":"ADBE Vector Group","hd":false},{"ty":"gr","it":[{"ind":0,"ty":"sh","ix":1,"ks":{"a":0,"k":{"i":[[1.06,1.697],[-19.856,17.137],[3.63,-3.132],[8.264,-5.163]],"o":[[-3.194,-5.115],[3.628,-3.124],[-7.4,6.384],[-1.693,1.058]],"v":[[-14.585,10.484],[9.279,-11.254],[14.011,-5.77],[-9.596,11.635]],"c":true},"ix":2},"nm":"Path 1","mn":"ADBE Vector Shape - Group","hd":false},{"ty":"fl","c":{"a":0,"k":[0.741176486015,0.815686285496,0.984313726425,1],"ix":4},"o":{"a":0,"k":100,"ix":5},"r":1,"bm":0,"nm":"Fill 1","mn":"ADBE Vector Graphic - Fill","hd":false},{"ty":"tr","p":{"a":0,"k":[3150.084,796.01],"ix":2},"a":{"a":0,"k":[0,0],"ix":1},"s":{"a":0,"k":[100,100],"ix":3},"r":{"a":0,"k":0,"ix":6},"o":{"a":0,"k":100,"ix":7},"sk":{"a":0,"k":0,"ix":4},"sa":{"a":0,"k":0,"ix":5},"nm":"Transform"}],"nm":"Group 5","np":2,"cix":2,"bm":0,"ix":5,"mn":"ADBE Vector Group","hd":false},{"ty":"gr","it":[{"ind":0,"ty":"sh","ix":1,"ks":{"a":0,"k":{"i":[[0.305,1.976],[-1.978,0.304],[-1.832,-5.753],[1.905,-0.605],[9.658,-1.484]],"o":[[-0.303,-1.976],[26.072,-4.01],[0.604,1.906],[-9.296,2.952],[-1.978,0.302]],"v":[[-17.588,3.774],[-14.558,-0.354],[17.46,-4.432],[15.105,0.116],[-13.459,6.804]],"c":true},"ix":2},"nm":"Path 1","mn":"ADBE Vector Shape - Group","hd":false},{"ty":"fl","c":{"a":0,"k":[0.741176486015,0.815686285496,0.984313726425,1],"ix":4},"o":{"a":0,"k":100,"ix":5},"r":1,"bm":0,"nm":"Fill 1","mn":"ADBE Vector Graphic - Fill","hd":false},{"ty":"tr","p":{"a":0,"k":[3082.197,827.506],"ix":2},"a":{"a":0,"k":[0,0],"ix":1},"s":{"a":0,"k":[100,100],"ix":3},"r":{"a":0,"k":0,"ix":6},"o":{"a":0,"k":100,"ix":7},"sk":{"a":0,"k":0,"ix":4},"sa":{"a":0,"k":0,"ix":5},"nm":"Transform"}],"nm":"Group 6","np":2,"cix":2,"bm":0,"ix":6,"mn":"ADBE Vector Group","hd":false},{"ty":"gr","it":[{"ind":0,"ty":"sh","ix":1,"ks":{"a":0,"k":{"i":[[-0.5,1.963],[-26.04,-2.475],[4.781,0.453],[9.443,2.403]],"o":[[1.48,-5.829],[4.756,0.442],[-9.738,-0.926],[-1.907,-0.479]],"v":[[-17.674,-3.435],[14.535,-1.225],[13.85,5.985],[-15.057,0.967]],"c":true},"ix":2},"nm":"Path 1","mn":"ADBE Vector Shape - Group","hd":false},{"ty":"fl","c":{"a":0,"k":[0.741176486015,0.815686285496,0.984313726425,1],"ix":4},"o":{"a":0,"k":100,"ix":5},"r":1,"bm":0,"nm":"Fill 1","mn":"ADBE Vector Graphic - Fill","hd":false},{"ty":"tr","p":{"a":0,"k":[3007.323,829.695],"ix":2},"a":{"a":0,"k":[0,0],"ix":1},"s":{"a":0,"k":[100,100],"ix":3},"r":{"a":0,"k":0,"ix":6},"o":{"a":0,"k":100,"ix":7},"sk":{"a":0,"k":0,"ix":4},"sa":{"a":0,"k":0,"ix":5},"nm":"Transform"}],"nm":"Group 7","np":2,"cix":2,"bm":0,"ix":7,"mn":"ADBE Vector Group","hd":false},{"ty":"gr","it":[{"ind":0,"ty":"sh","ix":1,"ks":{"a":0,"k":{"i":[[0.393,1.964],[-4.706,1.327],[-0.544,-1.923],[-0.966,-4.824],[1.96,-0.392]],"o":[[-2.62,-13.074],[1.927,-0.544],[1.327,4.697],[0.393,1.961],[-1.954,0.394]],"v":[[-1.923,7.75],[-2.748,-10.522],[1.72,-8.022],[5.177,6.327],[2.339,10.588]],"c":true},"ix":2},"nm":"Path 1","mn":"ADBE Vector Shape - Group","hd":false},{"ty":"fl","c":{"a":0,"k":[0.741176486015,0.815686285496,0.984313726425,1],"ix":4},"o":{"a":0,"k":100,"ix":5},"r":1,"bm":0,"nm":"Fill 1","mn":"ADBE Vector Graphic - Fill","hd":false},{"ty":"tr","p":{"a":0,"k":[3221.433,601.718],"ix":2},"a":{"a":0,"k":[0,0],"ix":1},"s":{"a":0,"k":[100,100],"ix":3},"r":{"a":0,"k":0,"ix":6},"o":{"a":0,"k":100,"ix":7},"sk":{"a":0,"k":0,"ix":4},"sa":{"a":0,"k":0,"ix":5},"nm":"Transform"}],"nm":"Group 8","np":2,"cix":2,"bm":0,"ix":8,"mn":"ADBE Vector Group","hd":false},{"ty":"gr","it":[{"ind":0,"ty":"sh","ix":1,"ks":{"a":0,"k":{"i":[[1.762,1.028],[-2.148,4.39],[-1.837,-0.906],[-4.24,-2.499],[1.016,-1.724]],"o":[[-11.443,-6.746],[0.879,-1.796],[4.382,2.142],[1.722,1.015],[-1.001,1.696]],"v":[[4.596,6.556],[-9.561,-5.016],[-4.718,-6.677],[8.275,0.318],[9.554,5.277]],"c":true},"ix":2},"nm":"Path 1","mn":"ADBE Vector Shape - Group","hd":false},{"ty":"fl","c":{"a":0,"k":[0.741176486015,0.815686285496,0.984313726425,1],"ix":4},"o":{"a":0,"k":100,"ix":5},"r":1,"bm":0,"nm":"Fill 1","mn":"ADBE Vector Graphic - Fill","hd":false},{"ty":"tr","p":{"a":0,"k":[3127.981,480.845],"ix":2},"a":{"a":0,"k":[0,0],"ix":1},"s":{"a":0,"k":[100,100],"ix":3},"r":{"a":0,"k":0,"ix":6},"o":{"a":0,"k":100,"ix":7},"sk":{"a":0,"k":0,"ix":4},"sa":{"a":0,"k":0,"ix":5},"nm":"Transform"}],"nm":"Group 9","np":2,"cix":2,"bm":0,"ix":9,"mn":"ADBE Vector Group","hd":false},{"ty":"gr","it":[{"ind":0,"ty":"sh","ix":1,"ks":{"a":0,"k":{"i":[[-0.08,1.958],[-1.998,-0.084],[-9.705,-1.95],[4.71,0.944],[9.572,0.4]],"o":[[0.085,-1.997],[9.949,0.419],[4.684,0.919],[-9.334,-1.876],[-2.046,-0.094]],"v":[[-18.136,-1.909],[-14.366,-5.375],[15.251,-1.807],[13.824,5.293],[-14.669,1.862]],"c":true},"ix":2},"nm":"Path 1","mn":"ADBE Vector Shape - Group","hd":false},{"ty":"fl","c":{"a":0,"k":[0.741176486015,0.815686285496,0.984313726425,1],"ix":4},"o":{"a":0,"k":100,"ix":5},"r":1,"bm":0,"nm":"Fill 1","mn":"ADBE Vector Graphic - Fill","hd":false},{"ty":"tr","p":{"a":0,"k":[3061.996,460.379],"ix":2},"a":{"a":0,"k":[0,0],"ix":1},"s":{"a":0,"k":[100,100],"ix":3},"r":{"a":0,"k":0,"ix":6},"o":{"a":0,"k":100,"ix":7},"sk":{"a":0,"k":0,"ix":4},"sa":{"a":0,"k":0,"ix":5},"nm":"Transform"}],"nm":"Group 10","np":2,"cix":2,"bm":0,"ix":10,"mn":"ADBE Vector Group","hd":false},{"ty":"gr","it":[{"ind":0,"ty":"sh","ix":1,"ks":{"a":0,"k":{"i":[[0.802,0.303],[0.385,1.002],[-1.866,0.718],[-9.712,2.073],[-0.418,-1.957],[1.957,-0.417],[8.906,-3.434]],"o":[[-0.931,-0.352],[-0.72,-1.865],[9.26,-3.571],[1.958,-0.415],[0.416,1.955],[-9.34,1.992],[-0.863,0.334]],"v":[[-15.3,7.559],[-17.4,5.473],[-15.325,0.793],[13.266,-7.712],[17.564,-4.925],[14.777,-0.629],[-12.721,7.548]],"c":true},"ix":2},"nm":"Path 1","mn":"ADBE Vector Shape - Group","hd":false},{"ty":"fl","c":{"a":0,"k":[0.741176486015,0.815686285496,0.984313726425,1],"ix":4},"o":{"a":0,"k":100,"ix":5},"r":1,"bm":0,"nm":"Fill 1","mn":"ADBE Vector Graphic - Fill","hd":false},{"ty":"tr","p":{"a":0,"k":[2986.151,466.758],"ix":2},"a":{"a":0,"k":[0,0],"ix":1},"s":{"a":0,"k":[100,100],"ix":3},"r":{"a":0,"k":0,"ix":6},"o":{"a":0,"k":100,"ix":7},"sk":{"a":0,"k":0,"ix":4},"sa":{"a":0,"k":0,"ix":5},"nm":"Transform"}],"nm":"Group 11","np":2,"cix":2,"bm":0,"ix":11,"mn":"ADBE Vector Group","hd":false},{"ty":"gr","it":[{"ind":0,"ty":"sh","ix":1,"ks":{"a":0,"k":{"i":[[1.282,0.484],[0.379,0.383],[-1.423,1.406],[-8.058,5.784],[-1.162,-1.622],[1.625,-1.164],[6.803,-6.709]],"o":[[-0.475,-0.179],[-1.404,-1.424],[7.071,-6.973],[1.623,-1.164],[1.167,1.624],[-7.753,5.567],[-1.041,1.025]],"v":[[-12.465,12.818],[-13.762,11.974],[-13.727,6.853],[9.073,-12.373],[14.125,-11.544],[13.296,-6.492],[-8.641,12.009]],"c":true},"ix":2},"nm":"Path 1","mn":"ADBE Vector Shape - Group","hd":false},{"ty":"fl","c":{"a":0,"k":[0.741176486015,0.815686285496,0.984313726425,1],"ix":4},"o":{"a":0,"k":100,"ix":5},"r":1,"bm":0,"nm":"Fill 1","mn":"ADBE Vector Graphic - Fill","hd":false},{"ty":"tr","p":{"a":0,"k":[2919.195,502.93],"ix":2},"a":{"a":0,"k":[0,0],"ix":1},"s":{"a":0,"k":[100,100],"ix":3},"r":{"a":0,"k":0,"ix":6},"o":{"a":0,"k":100,"ix":7},"sk":{"a":0,"k":0,"ix":4},"sa":{"a":0,"k":0,"ix":5},"nm":"Transform"}],"nm":"Group 12","np":2,"cix":2,"bm":0,"ix":12,"mn":"ADBE Vector Group","hd":false},{"ty":"gr","it":[{"ind":0,"ty":"sh","ix":1,"ks":{"a":0,"k":{"i":[[-0.437,0.02],[-0.745,1.856],[-5.103,8.529],[2.459,-4.114],[3.557,-8.852]],"o":[[-1.855,-0.746],[3.701,-9.202],[2.462,-4.107],[-4.909,8.203],[-1.311,3.257]],"v":[[-7.882,16.488],[-9.892,11.777],[3.373,-14.945],[9.589,-11.225],[-3.172,14.478]],"c":true},"ix":2},"nm":"Path 1","mn":"ADBE Vector Shape - Group","hd":false},{"ty":"fl","c":{"a":0,"k":[0.741176486015,0.815686285496,0.984313726425,1],"ix":4},"o":{"a":0,"k":100,"ix":5},"r":1,"bm":0,"nm":"Fill 1","mn":"ADBE Vector Graphic - Fill","hd":false},{"ty":"tr","p":{"a":0,"k":[2872.203,562.771],"ix":2},"a":{"a":0,"k":[0,0],"ix":1},"s":{"a":0,"k":[100,100],"ix":3},"r":{"a":0,"k":0,"ix":6},"o":{"a":0,"k":100,"ix":7},"sk":{"a":0,"k":0,"ix":4},"sa":{"a":0,"k":0,"ix":5},"nm":"Transform"}],"nm":"Group 13","np":2,"cix":2,"bm":0,"ix":13,"mn":"ADBE Vector Group","hd":false},{"ty":"gr","it":[{"ind":0,"ty":"sh","ix":1,"ks":{"a":0,"k":{"i":[[0.056,1.988],[-1.288,10.123],[0.602,-4.737],[6.057,-0.169]],"o":[[-0.274,-9.61],[0.605,-4.762],[-3.337,26.228],[-2.016,0.054]],"v":[[-4.297,14.704],[-2.845,-15.085],[4.339,-14.171],[-0.576,18.222]],"c":true},"ix":2},"nm":"Path 1","mn":"ADBE Vector Shape - Group","hd":false},{"ty":"fl","c":{"a":0,"k":[0.741176486015,0.815686285496,0.984313726425,1],"ix":4},"o":{"a":0,"k":100,"ix":5},"r":1,"bm":0,"nm":"Fill 1","mn":"ADBE Vector Graphic - Fill","hd":false},{"ty":"tr","p":{"a":0,"k":[2852.987,636.486],"ix":2},"a":{"a":0,"k":[0,0],"ix":1},"s":{"a":0,"k":[100,100],"ix":3},"r":{"a":0,"k":0,"ix":6},"o":{"a":0,"k":100,"ix":7},"sk":{"a":0,"k":0,"ix":4},"sa":{"a":0,"k":0,"ix":5},"nm":"Transform"}],"nm":"Group 14","np":2,"cix":2,"bm":0,"ix":14,"mn":"ADBE Vector Group","hd":false},{"ty":"gr","it":[{"ind":0,"ty":"sh","ix":1,"ks":{"a":0,"k":{"i":[[0.709,1.879],[1.368,4.714],[-1.921,0.558],[-4.45,-11.807],[1.871,-0.705]],"o":[[-1.728,-4.577],[-0.557,-1.921],[4.833,-1.404],[0.707,1.872],[-1.862,0.704]],"v":[[-1.1,8.179],[-5.765,-5.823],[-3.297,-10.309],[5.675,5.624],[3.565,10.289]],"c":true},"ix":2},"nm":"Path 1","mn":"ADBE Vector Shape - Group","hd":false},{"ty":"fl","c":{"a":0,"k":[0.741176486015,0.815686285496,0.984313726425,1],"ix":4},"o":{"a":0,"k":100,"ix":5},"r":1,"bm":0,"nm":"Fill 1","mn":"ADBE Vector Graphic - Fill","hd":false},{"ty":"tr","p":{"a":0,"k":[2861.929,704.837],"ix":2},"a":{"a":0,"k":[0,0],"ix":1},"s":{"a":0,"k":[100,100],"ix":3},"r":{"a":0,"k":0,"ix":6},"o":{"a":0,"k":100,"ix":7},"sk":{"a":0,"k":0,"ix":4},"sa":{"a":0,"k":0,"ix":5},"nm":"Transform"}],"nm":"Group 15","np":2,"cix":2,"bm":0,"ix":15,"mn":"ADBE Vector Group","hd":false},{"ty":"gr","it":[{"ind":0,"ty":"sh","ix":1,"ks":{"a":0,"k":{"i":[[-0.136,-22.797],[-14.097,0.082],[0,0],[16.168,15.979]],"o":[[0.087,14.108],[0,0],[22.651,-0.138],[-16.098,-15.906]],"v":[[-25.582,0.15],[0.15,25.582],[0.15,25.582],[17.982,-18.197]],"c":true},"ix":2},"nm":"Path 1","mn":"ADBE Vector Shape - Group","hd":false},{"ind":1,"ty":"sh","ix":2,"ks":{"a":0,"k":{"i":[[0,0],[0,0]],"o":[[0,0],[0,0]],"v":[[0.184,31.012],[0.217,31.025]],"c":true},"ix":2},"nm":"Path 2","mn":"ADBE Vector Shape - Group","hd":false},{"ind":2,"ty":"sh","ix":3,"ks":{"a":0,"k":{"i":[[0.121,20.098],[-20.146,0.119],[-0.119,-20.143],[20.095,-0.121],[0,0]],"o":[[-0.118,-20.142],[20.136,-0.121],[0.119,20.094],[0,0],[-20.096,0.117]],"v":[[-36.444,0.217],[-0.216,-36.443],[36.444,-0.219],[0.217,36.443],[0.217,36.443]],"c":true},"ix":2},"nm":"Path 3","mn":"ADBE Vector Shape - Group","hd":false},{"ty":"fl","c":{"a":0,"k":[1,1,1,1],"ix":4},"o":{"a":0,"k":100,"ix":5},"r":1,"bm":0,"nm":"Fill 1","mn":"ADBE Vector Graphic - Fill","hd":false},{"ty":"tr","p":{"a":0,"k":[3039.444,645.718],"ix":2},"a":{"a":0,"k":[0,0],"ix":1},"s":{"a":0,"k":[100,100],"ix":3},"r":{"a":0,"k":0,"ix":6},"o":{"a":0,"k":100,"ix":7},"sk":{"a":0,"k":0,"ix":4},"sa":{"a":0,"k":0,"ix":5},"nm":"Transform"}],"nm":"Group 16","np":4,"cix":2,"bm":0,"ix":16,"mn":"ADBE Vector Group","hd":false},{"ty":"gr","it":[{"ind":0,"ty":"sh","ix":1,"ks":{"a":0,"k":{"i":[[-27.811,5.383],[-12.467,-6.355],[0,0],[-32.768,-8.678],[-15.861,23.473],[-12.934,4.2],[0,0],[-29.307,17.034],[0.214,0.997],[0,0],[-6.355,12.467],[-0.76,3.085],[2.641,1.705],[0,0],[4.201,12.933],[0,0],[17.035,29.307],[27.953,-5.411],[12.468,6.355],[0,0],[32.768,8.678],[15.941,-23.592],[12.933,-4.201],[0,0],[0.873,-0.528],[0,0],[-0.215,-0.998],[0,0],[6.355,-12.468],[0.756,-3.086],[-2.642,-1.708],[0,0],[-4.2,-12.933],[-1.649,-2.727],[0,0]],"o":[[9.506,9.723],[0,0],[0.291,3.216],[3.029,0.744],[13.993,0.156],[0,0],[2.487,2.068],[0.874,-0.529],[0,0],[9.723,-9.506],[27.641,-3.098],[7.674,-33.727],[0,0],[0.157,-13.993],[0,0],[2.067,-2.481],[-1.605,-2.658],[-9.506,-9.724],[0,0],[-0.293,-3.219],[-3.012,-0.742],[-13.993,-0.158],[0,0],[-0.784,-0.654],[0,0],[-0.873,0.528],[0,0],[-9.723,9.507],[-27.641,3.098],[-7.672,33.714],[0,0],[-0.156,13.993],[-17.355,21.735],[0,0],[1.616,2.671]],"v":[[-91.153,89.295],[-58.054,113.651],[-55.416,142.63],[-19.691,153.083],[-1.324,127.613],[39.298,121.402],[61.668,140.041],[94.321,122.17],[95.422,119.62],[89.294,91.154],[113.649,58.055],[144.735,53.607],[152.057,17.111],[127.611,1.325],[121.4,-39.297],[140.039,-61.668],[122.169,-94.32],[91.153,-89.293],[58.054,-113.648],[55.417,-142.628],[19.691,-153.081],[1.324,-127.61],[-39.298,-121.399],[-61.668,-140.038],[-64.438,-140.247],[-94.321,-122.168],[-95.422,-119.617],[-89.294,-91.152],[-113.65,-58.052],[-144.735,-53.604],[-152.057,-17.108],[-127.612,-1.323],[-121.4,39.299],[-140.249,64.439],[-122.169,94.323]],"c":true},"ix":2},"nm":"Path 1","mn":"ADBE Vector Shape - Group","hd":false},{"ty":"fl","c":{"a":0,"k":[0.568627476692,0.701960802078,0.980392158031,1],"ix":4},"o":{"a":0,"k":100,"ix":5},"r":1,"bm":0,"nm":"Fill 1","mn":"ADBE Vector Graphic - Fill","hd":false},{"ty":"tr","p":{"a":0,"k":[3039.445,645.717],"ix":2},"a":{"a":0,"k":[0,0],"ix":1},"s":{"a":0,"k":[100,100],"ix":3},"r":{"a":0,"k":0,"ix":6},"o":{"a":0,"k":100,"ix":7},"sk":{"a":0,"k":0,"ix":4},"sa":{"a":0,"k":0,"ix":5},"nm":"Transform"}],"nm":"Group 17","np":2,"cix":2,"bm":0,"ix":17,"mn":"ADBE Vector Group","hd":false}],"ip":0,"op":528,"st":0,"ct":1,"bm":0},{"ddd":0,"ind":4,"ty":4,"nm":"Layer 3","sr":1,"ks":{"o":{"a":0,"k":100,"ix":11},"r":{"a":1,"k":[{"i":{"x":[0.833],"y":[0.833]},"o":{"x":[0.167],"y":[0.167]},"t":145,"s":[0]},{"t":210,"s":[360]}],"ix":10},"p":{"a":0,"k":[2564.724,853.695,0],"ix":2,"l":2},"a":{"a":0,"k":[2564.724,853.695,0],"ix":1,"l":2},"s":{"a":0,"k":[100,100,100],"ix":6,"l":2}},"ao":0,"shapes":[{"ty":"gr","it":[{"ind":0,"ty":"sh","ix":1,"ks":{"a":0,"k":{"i":[[2.002,0.756],[0,0],[7.753,4.533],[-0.9,2.389],[-0.161,0.27],[-2.6,-1.52],[-9.894,-3.303],[0,0],[-26.896,71.206],[-0.618,1.861],[76.32,25.448],[24.876,-75.018],[1.736,-4.598],[1.214,5.189],[-10.917,28.904],[-61.846,-119.929],[12.892,-38.934],[0.744,-1.975],[35.334,-17.215],[39.807,13.261]],"o":[[0,0],[-8.47,-3.199],[-2.331,-1.363],[0.108,-0.285],[1.512,-2.542],[8.917,5.213],[0,0],[74.545,24.832],[0.687,-1.818],[24.904,-75.226],[-76.215,-25.391],[-14.782,44.66],[-1.877,4.968],[-6.636,-28.345],[47.11,-124.713],[19.034,36.906],[-0.666,2.014],[-13.657,36.167],[-37.263,18.151],[-2.032,-0.676]],"v":[[-54.341,143.409],[-54.341,143.409],[-78.751,131.778],[-81.139,125.25],[-80.736,124.415],[-73.275,122.575],[-44.923,135.403],[-44.923,135.403],[136.659,51.51],[138.614,45.989],[44.865,-135.797],[-138.671,-46.383],[-142.27,32.844],[-152.713,32.042],[-146.955,-55.779],[139.474,-68.158],[148.999,49.45],[146.882,55.434],[71.228,137.975],[-48.286,145.56]],"c":true},"ix":2},"nm":"Path 1","mn":"ADBE Vector Shape - Group","hd":false},{"ty":"fl","c":{"a":0,"k":[1,1,1,1],"ix":4},"o":{"a":0,"k":100,"ix":5},"r":1,"bm":0,"nm":"Fill 1","mn":"ADBE Vector Graphic - Fill","hd":false},{"ty":"tr","p":{"a":0,"k":[2566.632,850.571],"ix":2},"a":{"a":0,"k":[0,0],"ix":1},"s":{"a":0,"k":[100,100],"ix":3},"r":{"a":0,"k":0,"ix":6},"o":{"a":0,"k":100,"ix":7},"sk":{"a":0,"k":0,"ix":4},"sa":{"a":0,"k":0,"ix":5},"nm":"Transform"}],"nm":"Group 1","np":2,"cix":2,"bm":0,"ix":1,"mn":"ADBE Vector Group","hd":false},{"ty":"gr","it":[{"ind":0,"ty":"sh","ix":1,"ks":{"a":0,"k":{"i":[[1.824,-27.148],[27.607,2.2],[-1.823,27.107],[-27.284,-2.177]],"o":[[-1.821,27.107],[-27.609,-2.193],[1.847,-27.514],[27.558,2.191]],"v":[[50.067,3.991],[-3.304,49.16],[-50.067,-3.993],[3.303,-49.16]],"c":true},"ix":2},"nm":"Path 1","mn":"ADBE Vector Shape - Group","hd":false},{"ind":1,"ty":"sh","ix":2,"ks":{"a":0,"k":{"i":[[33.61,2.69],[2.218,-33.005],[-33.623,-2.679],[-2.22,33.005]],"o":[[-33.614,-2.68],[-2.218,32.998],[33.615,2.678],[2.216,-33.006]],"v":[[4.022,-59.858],[-60.962,-4.861],[-4.022,59.859],[60.963,4.86]],"c":true},"ix":2},"nm":"Path 2","mn":"ADBE Vector Shape - Group","hd":false},{"ty":"fl","c":{"a":0,"k":[1,1,1,1],"ix":4},"o":{"a":0,"k":100,"ix":5},"r":1,"bm":0,"nm":"Fill 1","mn":"ADBE Vector Graphic - Fill","hd":false},{"ty":"tr","p":{"a":0,"k":[2565.471,851.047],"ix":2},"a":{"a":0,"k":[0,0],"ix":1},"s":{"a":0,"k":[100,100],"ix":3},"r":{"a":0,"k":0,"ix":6},"o":{"a":0,"k":100,"ix":7},"sk":{"a":0,"k":0,"ix":4},"sa":{"a":0,"k":0,"ix":5},"nm":"Transform"}],"nm":"Group 2","np":3,"cix":2,"bm":0,"ix":2,"mn":"ADBE Vector Group","hd":false},{"ty":"gr","it":[{"ind":0,"ty":"sh","ix":1,"ks":{"a":0,"k":{"i":[[-5.664,0.7],[0,0],[-21.491,-13.074],[-5.331,-1.777],[0,0],[-1.1,1.421],[0,0],[-23.682,5.398],[0,0],[-1.63,0.794],[0,0],[0.256,1.786],[0,0],[-12.978,20.929],[0,0],[-0.564,1.703],[0,0],[1.463,1.104],[0,0],[5.851,23.364],[2.531,4.909],[5.664,-0.7],[0,0],[21.49,13.074],[5.332,1.779],[3.375,-4.359],[0,0],[23.683,-5.399],[5.031,-2.452],[-0.788,-5.503],[0,0],[12.977,-20.929],[1.76,-5.324],[-4.511,-3.406],[0,0],[-5.85,-23.364],[-2.541,-4.935]],"o":[[0,0],[15.758,18.536],[2.018,49.874],[0,0],[1.742,0.579],[0,0],[25.019,2.418],[0,0],[1.319,1.267],[0,0],[1.631,-0.794],[0,0],[18.621,-15.211],[0,0],[1.831,-0.006],[0,0],[0.564,-1.704],[0,0],[2.083,-24.559],[34.627,-36.338],[-28.906,-53.718],[0,0],[-15.758,-18.538],[-2.016,-49.844],[-59.564,-18.712],[0,0],[-25.018,-2.42],[-37.039,-34.17],[-54.741,27.871],[0,0],[-18.622,15.211],[-49.821,1.207],[-18.059,58.018],[0,0],[-2.082,24.557],[-34.51,36.215],[28.906,53.718]],"v":[[-226.348,149.292],[-174.624,142.886],[-118.534,190.742],[-114.579,246.033],[-54.97,265.892],[-50.219,264.486],[-18.826,223.96],[54.66,219.269],[92.288,255.441],[97.217,256.232],[153.016,229.048],[155.313,224.737],[148.015,173.791],[195.856,119.374],[248.049,119.18],[252.051,116.322],[271.353,58.021],[269.851,53.328],[228.143,21.853],[222.26,-50.461],[259.223,-91.739],[226.3,-149.33],[174.577,-142.925],[118.488,-190.781],[114.533,-246.073],[50.172,-264.525],[18.779,-223.997],[-54.708,-219.308],[-97.264,-256.271],[-155.36,-224.776],[-148.062,-173.83],[-195.903,-119.413],[-252.098,-116.36],[-269.899,-53.367],[-228.191,-21.892],[-222.308,50.422],[-259.271,91.701]],"c":true},"ix":2},"nm":"Path 1","mn":"ADBE Vector Shape - Group","hd":false},{"ty":"fl","c":{"a":0,"k":[0.568627476692,0.701960802078,0.980392158031,1],"ix":4},"o":{"a":0,"k":100,"ix":5},"r":1,"bm":0,"nm":"Fill 1","mn":"ADBE Vector Graphic - Fill","hd":false},{"ty":"tr","p":{"a":0,"k":[2565.495,851.066],"ix":2},"a":{"a":0,"k":[0,0],"ix":1},"s":{"a":0,"k":[100,100],"ix":3},"r":{"a":0,"k":0,"ix":6},"o":{"a":0,"k":100,"ix":7},"sk":{"a":0,"k":0,"ix":4},"sa":{"a":0,"k":0,"ix":5},"nm":"Transform"}],"nm":"Group 3","np":2,"cix":2,"bm":0,"ix":3,"mn":"ADBE Vector Group","hd":false},{"ty":"gr","it":[{"ind":0,"ty":"sh","ix":1,"ks":{"a":0,"k":{"i":[[1.363,1.471],[-3.618,2.968],[-8.81,-9.52],[1.477,-1.317]],"o":[[-8.607,-9.294],[3.763,-3.09],[1.364,1.472],[-1.477,1.318]],"v":[[2.148,7.868],[-7.182,-8.124],[7.497,3.096],[7.291,8.147]],"c":true},"ix":2},"nm":"Path 1","mn":"ADBE Vector Shape - Group","hd":false},{"ty":"fl","c":{"a":0,"k":[0.741176486015,0.815686285496,0.984313726425,1],"ix":4},"o":{"a":0,"k":100,"ix":5},"r":1,"bm":0,"nm":"Fill 1","mn":"ADBE Vector Graphic - Fill","hd":false},{"ty":"tr","p":{"a":0,"k":[2297.205,1082.921],"ix":2},"a":{"a":0,"k":[0,0],"ix":1},"s":{"a":0,"k":[100,100],"ix":3},"r":{"a":0,"k":0,"ix":6},"o":{"a":0,"k":100,"ix":7},"sk":{"a":0,"k":0,"ix":4},"sa":{"a":0,"k":0,"ix":5},"nm":"Transform"}],"nm":"Group 4","np":2,"cix":2,"bm":0,"ix":4,"mn":"ADBE Vector Group","hd":false},{"ty":"gr","it":[{"ind":0,"ty":"sh","ix":1,"ks":{"a":0,"k":{"i":[[0.092,0.035],[-0.516,1.799],[-1.854,9.463],[-1.975,-0.401],[0.378,-1.935],[2.73,-9.542],[1.936,0.562]],"o":[[-1.76,-0.665],[2.673,-9.353],[0.38,-1.934],[1.979,0.414],[-1.893,9.657],[-0.54,1.894],[-0.097,-0.027]],"v":[[-4.712,17.658],[-6.952,13.307],[-0.127,-15.051],[4.134,-17.826],[7.022,-13.594],[0.056,15.339],[-4.429,17.752]],"c":true},"ix":2},"nm":"Path 1","mn":"ADBE Vector Shape - Group","hd":false},{"ty":"fl","c":{"a":0,"k":[0.741176486015,0.815686285496,0.984313726425,1],"ix":4},"o":{"a":0,"k":100,"ix":5},"r":1,"bm":0,"nm":"Fill 1","mn":"ADBE Vector Graphic - Fill","hd":false},{"ty":"tr","p":{"a":0,"k":[2912.458,939.163],"ix":2},"a":{"a":0,"k":[0,0],"ix":1},"s":{"a":0,"k":[100,100],"ix":3},"r":{"a":0,"k":0,"ix":6},"o":{"a":0,"k":100,"ix":7},"sk":{"a":0,"k":0,"ix":4},"sa":{"a":0,"k":0,"ix":5},"nm":"Transform"}],"nm":"Group 5","np":2,"cix":2,"bm":0,"ix":5,"mn":"ADBE Vector Group","hd":false},{"ty":"gr","it":[{"ind":0,"ty":"sh","ix":1,"ks":{"a":0,"k":{"i":[[1.724,0.951],[-11.738,26.504],[1.915,-4.32],[4.757,-8.646]],"o":[[-4.984,-2.699],[1.904,-4.297],[-4.005,9.045],[-0.964,1.753]],"v":[[-8.25,16.322],[3.2,-14.664],[9.881,-11.727],[-3.324,14.934]],"c":true},"ix":2},"nm":"Path 1","mn":"ADBE Vector Shape - Group","hd":false},{"ty":"fl","c":{"a":0,"k":[0.741176486015,0.815686285496,0.984313726425,1],"ix":4},"o":{"a":0,"k":100,"ix":5},"r":1,"bm":0,"nm":"Fill 1","mn":"ADBE Vector Graphic - Fill","hd":false},{"ty":"tr","p":{"a":0,"k":[2886.184,1011.659],"ix":2},"a":{"a":0,"k":[0,0],"ix":1},"s":{"a":0,"k":[100,100],"ix":3},"r":{"a":0,"k":0,"ix":6},"o":{"a":0,"k":100,"ix":7},"sk":{"a":0,"k":0,"ix":4},"sa":{"a":0,"k":0,"ix":5},"nm":"Transform"}],"nm":"Group 6","np":2,"cix":2,"bm":0,"ix":6,"mn":"ADBE Vector Group","hd":false},{"ty":"gr","it":[{"ind":0,"ty":"sh","ix":1,"ks":{"a":0,"k":{"i":[[1.526,1.325],[-17.408,23.204],[2.839,-3.783],[6.609,-7.388]],"o":[[-4.27,-3.706],[2.835,-3.781],[-5.939,7.917],[-1.312,1.465]],"v":[[-11.682,14.102],[6.482,-13.549],[12.363,-9.246],[-6.548,13.82]],"c":true},"ix":2},"nm":"Path 1","mn":"ADBE Vector Shape - Group","hd":false},{"ty":"fl","c":{"a":0,"k":[0.741176486015,0.815686285496,0.984313726425,1],"ix":4},"o":{"a":0,"k":100,"ix":5},"r":1,"bm":0,"nm":"Fill 1","mn":"ADBE Vector Graphic - Fill","hd":false},{"ty":"tr","p":{"a":0,"k":[2844.242,1076.501],"ix":2},"a":{"a":0,"k":[0,0],"ix":1},"s":{"a":0,"k":[100,100],"ix":3},"r":{"a":0,"k":0,"ix":6},"o":{"a":0,"k":100,"ix":7},"sk":{"a":0,"k":0,"ix":4},"sa":{"a":0,"k":0,"ix":5},"nm":"Transform"}],"nm":"Group 7","np":2,"cix":2,"bm":0,"ix":7,"mn":"ADBE Vector Group","hd":false},{"ty":"gr","it":[{"ind":0,"ty":"sh","ix":1,"ks":{"a":0,"k":{"i":[[1.11,0.419],[0.438,0.59],[-1.618,1.148],[-7.433,6.285],[-1.325,-1.51],[1.513,-1.279],[8.113,-5.757]],"o":[[-0.643,-0.243],[-1.193,-1.608],[7.949,-5.64],[1.512,-1.279],[1.325,1.505],[-7.586,6.416],[-1.025,0.726]],"v":[[-12.973,12.416],[-14.64,11.159],[-13.869,6.168],[9.313,-11.805],[14.447,-11.394],[14.107,-6.353],[-9.55,11.992]],"c":true},"ix":2},"nm":"Path 1","mn":"ADBE Vector Shape - Group","hd":false},{"ty":"fl","c":{"a":0,"k":[0.741176486015,0.815686285496,0.984313726425,1],"ix":4},"o":{"a":0,"k":100,"ix":5},"r":1,"bm":0,"nm":"Fill 1","mn":"ADBE Vector Graphic - Fill","hd":false},{"ty":"tr","p":{"a":0,"k":[2788.791,1130.505],"ix":2},"a":{"a":0,"k":[0,0],"ix":1},"s":{"a":0,"k":[100,100],"ix":3},"r":{"a":0,"k":0,"ix":6},"o":{"a":0,"k":100,"ix":7},"sk":{"a":0,"k":0,"ix":4},"sa":{"a":0,"k":0,"ix":5},"nm":"Transform"}],"nm":"Group 8","np":2,"cix":2,"bm":0,"ix":8,"mn":"ADBE Vector Group","hd":false},{"ty":"gr","it":[{"ind":0,"ty":"sh","ix":1,"ks":{"a":0,"k":{"i":[[0.855,0.323],[0.415,0.929],[-1.838,0.771],[-8.673,4.523],[-0.965,-1.748],[1.765,-0.92],[9.217,-3.865]],"o":[[-0.892,-0.337],[-0.812,-1.819],[9.031,-3.787],[1.766,-0.917],[0.962,1.749],[-8.85,4.615],[-0.9,0.377]],"v":[[-14.737,9.662],[-16.805,7.721],[-14.947,3.031],[11.733,-9.492],[16.671,-7.992],[15.22,-3.16],[-12.006,9.619]],"c":true},"ix":2},"nm":"Path 1","mn":"ADBE Vector Shape - Group","hd":false},{"ty":"fl","c":{"a":0,"k":[0.741176486015,0.815686285496,0.984313726425,1],"ix":4},"o":{"a":0,"k":100,"ix":5},"r":1,"bm":0,"nm":"Fill 1","mn":"ADBE Vector Graphic - Fill","hd":false},{"ty":"tr","p":{"a":0,"k":[2722.451,1171.082],"ix":2},"a":{"a":0,"k":[0,0],"ix":1},"s":{"a":0,"k":[100,100],"ix":3},"r":{"a":0,"k":0,"ix":6},"o":{"a":0,"k":100,"ix":7},"sk":{"a":0,"k":0,"ix":4},"sa":{"a":0,"k":0,"ix":5},"nm":"Transform"}],"nm":"Group 9","np":2,"cix":2,"bm":0,"ix":9,"mn":"ADBE Vector Group","hd":false},{"ty":"gr","it":[{"ind":0,"ty":"sh","ix":1,"ks":{"a":0,"k":{"i":[[0.608,0.23],[0.257,1.272],[-1.972,0.355],[-9.498,2.543],[-0.556,-1.906],[1.93,-0.517],[9.878,-1.778]],"o":[[-1.148,-0.434],[-0.39,-1.942],[9.677,-1.74],[1.933,-0.518],[0.554,1.907],[-9.693,2.596],[-0.681,0.123]],"v":[[-15.854,6.6],[-18.168,3.903],[-15.304,-0.258],[13.592,-6.714],[18.095,-4.198],[15.604,0.191],[-13.89,6.781]],"c":true},"ix":2},"nm":"Path 1","mn":"ADBE Vector Shape - Group","hd":false},{"ty":"fl","c":{"a":0,"k":[0.741176486015,0.815686285496,0.984313726425,1],"ix":4},"o":{"a":0,"k":100,"ix":5},"r":1,"bm":0,"nm":"Fill 1","mn":"ADBE Vector Graphic - Fill","hd":false},{"ty":"tr","p":{"a":0,"k":[2648.515,1196.338],"ix":2},"a":{"a":0,"k":[0,0],"ix":1},"s":{"a":0,"k":[100,100],"ix":3},"r":{"a":0,"k":0,"ix":6},"o":{"a":0,"k":100,"ix":7},"sk":{"a":0,"k":0,"ix":4},"sa":{"a":0,"k":0,"ix":5},"nm":"Transform"}],"nm":"Group 10","np":2,"cix":2,"bm":0,"ix":10,"mn":"ADBE Vector Group","hd":false},{"ty":"gr","it":[{"ind":0,"ty":"sh","ix":1,"ks":{"a":0,"k":{"i":[[0.364,0.137],[-0.042,1.572],[-2.01,-0.081],[-9.839,0.421],[-0.117,-1.973],[2.006,-0.086],[10.092,0.408]],"o":[[-1.422,-0.537],[0.052,-1.974],[9.887,0.4],[2.012,-0.085],[0.119,1.975],[-10.045,0.43],[-0.409,-0.017]],"v":[[-16.28,3.206],[-18.657,-0.279],[-14.924,-3.706],[14.805,-3.737],[18.652,-0.32],[15.233,3.41],[-15.114,3.442]],"c":true},"ix":2},"nm":"Path 1","mn":"ADBE Vector Shape - Group","hd":false},{"ty":"fl","c":{"a":0,"k":[0.741176486015,0.815686285496,0.984313726425,1],"ix":4},"o":{"a":0,"k":100,"ix":5},"r":1,"bm":0,"nm":"Fill 1","mn":"ADBE Vector Graphic - Fill","hd":false},{"ty":"tr","p":{"a":0,"k":[2570.532,1205.124],"ix":2},"a":{"a":0,"k":[0,0],"ix":1},"s":{"a":0,"k":[100,100],"ix":3},"r":{"a":0,"k":0,"ix":6},"o":{"a":0,"k":100,"ix":7},"sk":{"a":0,"k":0,"ix":4},"sa":{"a":0,"k":0,"ix":5},"nm":"Transform"}],"nm":"Group 11","np":2,"cix":2,"bm":0,"ix":11,"mn":"ADBE Vector Group","hd":false},{"ty":"gr","it":[{"ind":0,"ty":"sh","ix":1,"ks":{"a":0,"k":{"i":[[1.657,1.142],[7.798,6.412],[-1.277,1.508],[-24.314,-16.826],[1.14,-1.61]],"o":[[-8.293,-5.741],[-1.552,-1.277],[3.597,-4.251],[1.655,1.146],[-1.142,1.609]],"v":[[9.938,12.069],[-14.314,-6.245],[-14.815,-11.288],[14.068,6.238],[15,11.227]],"c":true},"ix":2},"nm":"Path 1","mn":"ADBE Vector Shape - Group","hd":false},{"ty":"fl","c":{"a":0,"k":[0.741176486015,0.815686285496,0.984313726425,1],"ix":4},"o":{"a":0,"k":100,"ix":5},"r":1,"bm":0,"nm":"Fill 1","mn":"ADBE Vector Graphic - Fill","hd":false},{"ty":"tr","p":{"a":0,"k":[2349.691,1131.008],"ix":2},"a":{"a":0,"k":[0,0],"ix":1},"s":{"a":0,"k":[100,100],"ix":3},"r":{"a":0,"k":0,"ix":6},"o":{"a":0,"k":100,"ix":7},"sk":{"a":0,"k":0,"ix":4},"sa":{"a":0,"k":0,"ix":5},"nm":"Transform"}],"nm":"Group 12","np":2,"cix":2,"bm":0,"ix":12,"mn":"ADBE Vector Group","hd":false},{"ty":"gr","it":[{"ind":0,"ty":"sh","ix":1,"ks":{"a":0,"k":{"i":[[-0.487,1.897],[-28.966,-5.122],[0.326,-1.941],[1.982,0.35],[9.799,2.571]],"o":[[1.379,-5.368],[1.989,0.341],[-0.327,1.945],[-9.912,-1.752],[-1.963,-0.517]],"v":[[-18.234,-4.214],[15.295,-0.36],[18.295,3.795],[14.114,6.682],[-15.593,0.166]],"c":true},"ix":2},"nm":"Path 1","mn":"ADBE Vector Shape - Group","hd":false},{"ty":"fl","c":{"a":0,"k":[0.741176486015,0.815686285496,0.984313726425,1],"ix":4},"o":{"a":0,"k":100,"ix":5},"r":1,"bm":0,"nm":"Fill 1","mn":"ADBE Vector Graphic - Fill","hd":false},{"ty":"tr","p":{"a":0,"k":[2492.233,1196.565],"ix":2},"a":{"a":0,"k":[0,0],"ix":1},"s":{"a":0,"k":[100,100],"ix":3},"r":{"a":0,"k":0,"ix":6},"o":{"a":0,"k":100,"ix":7},"sk":{"a":0,"k":0,"ix":4},"sa":{"a":0,"k":0,"ix":5},"nm":"Transform"}],"nm":"Group 13","np":2,"cix":2,"bm":0,"ix":13,"mn":"ADBE Vector Group","hd":false},{"ty":"gr","it":[{"ind":0,"ty":"sh","ix":1,"ks":{"a":0,"k":{"i":[[-0.437,0.014],[9.002,4.581],[-0.904,1.752],[-27.396,-11.209],[0.749,-1.823]],"o":[[-9.363,-3.831],[-1.796,-0.913],[2.546,-4.934],[1.867,0.763],[-1.307,3.184]],"v":[[12.344,9.605],[-15.333,-3.069],[-16.95,-7.895],[15.054,3.007],[17.076,7.688]],"c":true},"ix":2},"nm":"Path 1","mn":"ADBE Vector Shape - Group","hd":false},{"ty":"fl","c":{"a":0,"k":[0.741176486015,0.815686285496,0.984313726425,1],"ix":4},"o":{"a":0,"k":100,"ix":5},"r":1,"bm":0,"nm":"Fill 1","mn":"ADBE Vector Graphic - Fill","hd":false},{"ty":"tr","p":{"a":0,"k":[2417.403,1171.461],"ix":2},"a":{"a":0,"k":[0,0],"ix":1},"s":{"a":0,"k":[100,100],"ix":3},"r":{"a":0,"k":0,"ix":6},"o":{"a":0,"k":100,"ix":7},"sk":{"a":0,"k":0,"ix":4},"sa":{"a":0,"k":0,"ix":5},"nm":"Transform"}],"nm":"Group 14","np":2,"cix":2,"bm":0,"ix":14,"mn":"ADBE Vector Group","hd":false},{"ty":"gr","it":[{"ind":0,"ty":"sh","ix":1,"ks":{"a":0,"k":{"i":[[0.335,0.127],[-0.087,1.602],[-0.057,4.685],[-2.01,-0.053],[0.023,-1.978],[0.257,-4.797],[2.007,0.134]],"o":[[-1.456,-0.55],[0.253,-4.7],[0.024,-1.975],[2.005,0.059],[-0.059,4.781],[-0.106,1.971],[-0.375,-0.024]],"v":[[-1.499,10.482],[-3.871,6.901],[-3.404,-7.241],[0.28,-10.72],[3.876,-7.046],[3.398,7.386],[-0.428,10.713]],"c":true},"ix":2},"nm":"Path 1","mn":"ADBE Vector Shape - Group","hd":false},{"ty":"fl","c":{"a":0,"k":[0.741176486015,0.815686285496,0.984313726425,1],"ix":4},"o":{"a":0,"k":100,"ix":5},"r":1,"bm":0,"nm":"Fill 1","mn":"ADBE Vector Graphic - Fill","hd":false},{"ty":"tr","p":{"a":0,"k":[2922.06,870.16],"ix":2},"a":{"a":0,"k":[0,0],"ix":1},"s":{"a":0,"k":[100,100],"ix":3},"r":{"a":0,"k":0,"ix":6},"o":{"a":0,"k":100,"ix":7},"sk":{"a":0,"k":0,"ix":4},"sa":{"a":0,"k":0,"ix":5},"nm":"Transform"}],"nm":"Group 15","np":2,"cix":2,"bm":0,"ix":15,"mn":"ADBE Vector Group","hd":false},{"ty":"gr","it":[{"ind":0,"ty":"sh","ix":1,"ks":{"a":0,"k":{"i":[[1.37,1.458],[-3.477,3.406],[-1.432,-1.42],[3.471,-3.133]],"o":[[-8.358,-8.928],[1.41,-1.383],[9.015,8.884],[-1.041,0.94]],"v":[[2.425,7.681],[-7.643,-7.677],[-2.497,-7.631],[7.57,7.93]],"c":true},"ix":2},"nm":"Path 1","mn":"ADBE Vector Shape - Group","hd":false},{"ty":"fl","c":{"a":0,"k":[0.741176486015,0.815686285496,0.984313726425,1],"ix":4},"o":{"a":0,"k":100,"ix":5},"r":1,"bm":0,"nm":"Fill 1","mn":"ADBE Vector Graphic - Fill","hd":false},{"ty":"tr","p":{"a":0,"k":[2820.793,612.224],"ix":2},"a":{"a":0,"k":[0,0],"ix":1},"s":{"a":0,"k":[100,100],"ix":3},"r":{"a":0,"k":0,"ix":6},"o":{"a":0,"k":100,"ix":7},"sk":{"a":0,"k":0,"ix":4},"sa":{"a":0,"k":0,"ix":5},"nm":"Transform"}],"nm":"Group 16","np":2,"cix":2,"bm":0,"ix":16,"mn":"ADBE Vector Group","hd":false},{"ty":"gr","it":[{"ind":0,"ty":"sh","ix":1,"ks":{"a":0,"k":{"i":[[1.931,0.903],[-1.987,5.05],[0.437,-0.018],[-8.432,-4.073],[0.865,-1.77]],"o":[[-24.67,-11.925],[1.26,-3.203],[8.763,3.438],[1.815,0.877],[-0.826,1.691]],"v":[[11.341,8.8],[-16.144,-6.949],[-11.441,-8.935],[14.472,2.387],[16.191,7.18]],"c":true},"ix":2},"nm":"Path 1","mn":"ADBE Vector Shape - Group","hd":false},{"ty":"fl","c":{"a":0,"k":[0.741176486015,0.815686285496,0.984313726425,1],"ix":4},"o":{"a":0,"k":100,"ix":5},"r":1,"bm":0,"nm":"Fill 1","mn":"ADBE Vector Graphic - Fill","hd":false},{"ty":"tr","p":{"a":0,"k":[2705.972,533.248],"ix":2},"a":{"a":0,"k":[0,0],"ix":1},"s":{"a":0,"k":[100,100],"ix":3},"r":{"a":0,"k":0,"ix":6},"o":{"a":0,"k":100,"ix":7},"sk":{"a":0,"k":0,"ix":4},"sa":{"a":0,"k":0,"ix":5},"nm":"Transform"}],"nm":"Group 17","np":2,"cix":2,"bm":0,"ix":17,"mn":"ADBE Vector Group","hd":false},{"ty":"gr","it":[{"ind":0,"ty":"sh","ix":1,"ks":{"a":0,"k":{"i":[[-0.325,1.924],[-1.983,-0.352],[-9.096,-2.339],[4.669,1.201],[9.038,1.606]],"o":[[0.329,-1.944],[9.223,1.639],[4.675,1.204],[-8.914,-2.291],[-2.006,-0.359]],"v":[[-17.248,-3.615],[-13.064,-6.497],[14.544,-0.504],[12.803,6.416],[-14.252,0.542]],"c":true},"ix":2},"nm":"Path 1","mn":"ADBE Vector Shape - Group","hd":false},{"ty":"fl","c":{"a":0,"k":[0.741176486015,0.815686285496,0.984313726425,1],"ix":4},"o":{"a":0,"k":100,"ix":5},"r":1,"bm":0,"nm":"Fill 1","mn":"ADBE Vector Graphic - Fill","hd":false},{"ty":"tr","p":{"a":0,"k":[2636.284,510.692],"ix":2},"a":{"a":0,"k":[0,0],"ix":1},"s":{"a":0,"k":[100,100],"ix":3},"r":{"a":0,"k":0,"ix":6},"o":{"a":0,"k":100,"ix":7},"sk":{"a":0,"k":0,"ix":4},"sa":{"a":0,"k":0,"ix":5},"nm":"Transform"}],"nm":"Group 18","np":2,"cix":2,"bm":0,"ix":18,"mn":"ADBE Vector Group","hd":false},{"ty":"gr","it":[{"ind":0,"ty":"sh","ix":1,"ks":{"a":0,"k":{"i":[[3.839,2.926],[-2.991,4.513],[-1.691,-1.089],[-7.453,-5.691]],"o":[[-21.798,-16.647],[1.088,-1.646],[7.869,5.098],[3.826,2.919]],"v":[[9.311,10.832],[-14.398,-10.058],[-9.369,-11.054],[13.721,5.208]],"c":true},"ix":2},"nm":"Path 1","mn":"ADBE Vector Shape - Group","hd":false},{"ty":"fl","c":{"a":0,"k":[0.741176486015,0.815686285496,0.984313726425,1],"ix":4},"o":{"a":0,"k":100,"ix":5},"r":1,"bm":0,"nm":"Fill 1","mn":"ADBE Vector Graphic - Fill","hd":false},{"ty":"tr","p":{"a":0,"k":[2769.825,569.203],"ix":2},"a":{"a":0,"k":[0,0],"ix":1},"s":{"a":0,"k":[100,100],"ix":3},"r":{"a":0,"k":0,"ix":6},"o":{"a":0,"k":100,"ix":7},"sk":{"a":0,"k":0,"ix":4},"sa":{"a":0,"k":0,"ix":5},"nm":"Transform"}],"nm":"Group 19","np":2,"cix":2,"bm":0,"ix":19,"mn":"ADBE Vector Group","hd":false},{"ty":"gr","it":[{"ind":0,"ty":"sh","ix":1,"ks":{"a":0,"k":{"i":[[0.084,1.979],[-2.008,0.053],[-9.365,-0.476],[4.799,0.243],[9.152,-0.24]],"o":[[-0.084,-1.976],[9.341,-0.246],[4.824,0.259],[-9.174,-0.468],[-2.003,0.055]],"v":[[-17.575,-0.016],[-14.091,-3.687],[14.101,-3.339],[13.833,3.806],[-13.787,3.465]],"c":true},"ix":2},"nm":"Path 1","mn":"ADBE Vector Shape - Group","hd":false},{"ty":"fl","c":{"a":0,"k":[0.741176486015,0.815686285496,0.984313726425,1],"ix":4},"o":{"a":0,"k":100,"ix":5},"r":1,"bm":0,"nm":"Fill 1","mn":"ADBE Vector Graphic - Fill","hd":false},{"ty":"tr","p":{"a":0,"k":[2563.556,502.336],"ix":2},"a":{"a":0,"k":[0,0],"ix":1},"s":{"a":0,"k":[100,100],"ix":3},"r":{"a":0,"k":0,"ix":6},"o":{"a":0,"k":100,"ix":7},"sk":{"a":0,"k":0,"ix":4},"sa":{"a":0,"k":0,"ix":5},"nm":"Transform"}],"nm":"Group 20","np":2,"cix":2,"bm":0,"ix":20,"mn":"ADBE Vector Group","hd":false},{"ty":"gr","it":[{"ind":0,"ty":"sh","ix":1,"ks":{"a":0,"k":{"i":[[0.665,0.251],[0.306,1.192],[-1.948,0.456],[-9.224,1.414],[-0.338,-1.956],[1.981,-0.304],[8.886,-2.078]],"o":[[-1.089,-0.411],[-0.493,-1.923],[9.07,-2.121],[1.98,-0.308],[0.339,1.951],[-9.037,1.387],[-0.74,0.173]],"v":[[-14.902,5.976],[-17.174,3.463],[-14.538,-0.844],[13.032,-6.172],[17.233,-3.187],[14.26,0.897],[-12.752,6.119]],"c":true},"ix":2},"nm":"Path 1","mn":"ADBE Vector Shape - Group","hd":false},{"ty":"fl","c":{"a":0,"k":[0.741176486015,0.815686285496,0.984313726425,1],"ix":4},"o":{"a":0,"k":100,"ix":5},"r":1,"bm":0,"nm":"Fill 1","mn":"ADBE Vector Graphic - Fill","hd":false},{"ty":"tr","p":{"a":0,"k":[2490.89,508.897],"ix":2},"a":{"a":0,"k":[0,0],"ix":1},"s":{"a":0,"k":[100,100],"ix":3},"r":{"a":0,"k":0,"ix":6},"o":{"a":0,"k":100,"ix":7},"sk":{"a":0,"k":0,"ix":4},"sa":{"a":0,"k":0,"ix":5},"nm":"Transform"}],"nm":"Group 21","np":2,"cix":2,"bm":0,"ix":21,"mn":"ADBE Vector Group","hd":false},{"ty":"gr","it":[{"ind":0,"ty":"sh","ix":1,"ks":{"a":0,"k":{"i":[[0.897,0.339],[0.427,0.872],[-1.809,0.836],[-8.701,3.232],[-0.737,-1.852],[1.87,-0.695],[8.262,-3.82]],"o":[[-0.852,-0.322],[-0.878,-1.789],[8.431,-3.898],[1.872,-0.695],[0.734,1.85],[-8.527,3.165],[-0.928,0.428]],"v":[[-14.04,8.655],[-16.053,6.832],[-14.369,2.076],[11.448,-8.667],[16.167,-6.575],[14.11,-1.968],[-11.191,8.56]],"c":true},"ix":2},"nm":"Path 1","mn":"ADBE Vector Shape - Group","hd":false},{"ty":"fl","c":{"a":0,"k":[0.741176486015,0.815686285496,0.984313726425,1],"ix":4},"o":{"a":0,"k":100,"ix":5},"r":1,"bm":0,"nm":"Fill 1","mn":"ADBE Vector Graphic - Fill","hd":false},{"ty":"tr","p":{"a":0,"k":[2421.325,529.847],"ix":2},"a":{"a":0,"k":[0,0],"ix":1},"s":{"a":0,"k":[100,100],"ix":3},"r":{"a":0,"k":0,"ix":6},"o":{"a":0,"k":100,"ix":7},"sk":{"a":0,"k":0,"ix":4},"sa":{"a":0,"k":0,"ix":5},"nm":"Transform"}],"nm":"Group 22","np":2,"cix":2,"bm":0,"ix":22,"mn":"ADBE Vector Group","hd":false},{"ty":"gr","it":[{"ind":0,"ty":"sh","ix":1,"ks":{"a":0,"k":{"i":[[1.227,1.583],[-1.593,1.182],[-7.837,4.909],[4.033,-2.529],[7.274,-5.394]],"o":[[-1.226,-1.584],[7.424,-5.505],[4.035,-2.515],[-7.68,4.811],[-1.591,1.18]],"v":[[-14.284,9.932],[-13.619,4.925],[9.38,-10.769],[13.357,-4.717],[-9.18,10.661]],"c":true},"ix":2},"nm":"Path 1","mn":"ADBE Vector Shape - Group","hd":false},{"ty":"fl","c":{"a":0,"k":[0.741176486015,0.815686285496,0.984313726425,1],"ix":4},"o":{"a":0,"k":100,"ix":5},"r":1,"bm":0,"nm":"Fill 1","mn":"ADBE Vector Graphic - Fill","hd":false},{"ty":"tr","p":{"a":0,"k":[2357.725,564.273],"ix":2},"a":{"a":0,"k":[0,0],"ix":1},"s":{"a":0,"k":[100,100],"ix":3},"r":{"a":0,"k":0,"ix":6},"o":{"a":0,"k":100,"ix":7},"sk":{"a":0,"k":0,"ix":4},"sa":{"a":0,"k":0,"ix":5},"nm":"Transform"}],"nm":"Group 23","np":2,"cix":2,"bm":0,"ix":23,"mn":"ADBE Vector Group","hd":false},{"ty":"gr","it":[{"ind":0,"ty":"sh","ix":1,"ks":{"a":0,"k":{"i":[[1.521,1.311],[-1.311,1.478],[-6.645,6.397],[3.413,-3.287],[5.977,-6.748]],"o":[[-1.525,-1.309],[6.099,-6.888],[3.417,-3.287],[-6.51,6.267],[-1.309,1.481]],"v":[[-11.904,12.612],[-12.292,7.563],[6.914,-12.458],[12.048,-7.309],[-6.773,12.306]],"c":true},"ix":2},"nm":"Path 1","mn":"ADBE Vector Shape - Group","hd":false},{"ty":"fl","c":{"a":0,"k":[0.741176486015,0.815686285496,0.984313726425,1],"ix":4},"o":{"a":0,"k":100,"ix":5},"r":1,"bm":0,"nm":"Fill 1","mn":"ADBE Vector Graphic - Fill","hd":false},{"ty":"tr","p":{"a":0,"k":[2302.729,610.803],"ix":2},"a":{"a":0,"k":[0,0],"ix":1},"s":{"a":0,"k":[100,100],"ix":3},"r":{"a":0,"k":0,"ix":6},"o":{"a":0,"k":100,"ix":7},"sk":{"a":0,"k":0,"ix":4},"sa":{"a":0,"k":0,"ix":5},"nm":"Transform"}],"nm":"Group 24","np":2,"cix":2,"bm":0,"ix":24,"mn":"ADBE Vector Group","hd":false},{"ty":"gr","it":[{"ind":0,"ty":"sh","ix":1,"ks":{"a":0,"k":{"i":[[-2.32,4.104],[-5.146,7.614],[2.64,-3.904],[4.42,-7.825]],"o":[[4.513,-7.989],[2.656,-3.923],[-5.042,7.46],[-2.326,4.118]],"v":[[-10.394,9.871],[4.162,-13.643],[10.243,-9.622],[-4.018,13.415]],"c":true},"ix":2},"nm":"Path 1","mn":"ADBE Vector Shape - Group","hd":false},{"ty":"fl","c":{"a":0,"k":[0.741176486015,0.815686285496,0.984313726425,1],"ix":4},"o":{"a":0,"k":100,"ix":5},"r":1,"bm":0,"nm":"Fill 1","mn":"ADBE Vector Graphic - Fill","hd":false},{"ty":"tr","p":{"a":0,"k":[2258.693,667.563],"ix":2},"a":{"a":0,"k":[0,0],"ix":1},"s":{"a":0,"k":[100,100],"ix":3},"r":{"a":0,"k":0,"ix":6},"o":{"a":0,"k":100,"ix":7},"sk":{"a":0,"k":0,"ix":4},"sa":{"a":0,"k":0,"ix":5},"nm":"Transform"}],"nm":"Group 25","np":2,"cix":2,"bm":0,"ix":25,"mn":"ADBE Vector Group","hd":false},{"ty":"gr","it":[{"ind":0,"ty":"sh","ix":1,"ks":{"a":0,"k":{"i":[[-0.585,1.86],[-3.387,8.354],[1.747,-4.303],[2.715,-8.615],[1.92,0.61]],"o":[[2.774,-8.802],[1.814,-4.493],[-3.369,8.331],[-0.592,1.88],[-1.942,-0.618]],"v":[[-8.115,11.79],[1.222,-14.222],[7.989,-11.491],[-1.159,14],[-5.709,16.298]],"c":true},"ix":2},"nm":"Path 1","mn":"ADBE Vector Shape - Group","hd":false},{"ty":"fl","c":{"a":0,"k":[0.741176486015,0.815686285496,0.984313726425,1],"ix":4},"o":{"a":0,"k":100,"ix":5},"r":1,"bm":0,"nm":"Fill 1","mn":"ADBE Vector Graphic - Fill","hd":false},{"ty":"tr","p":{"a":0,"k":[2227.59,732.093],"ix":2},"a":{"a":0,"k":[0,0],"ix":1},"s":{"a":0,"k":[100,100],"ix":3},"r":{"a":0,"k":0,"ix":6},"o":{"a":0,"k":100,"ix":7},"sk":{"a":0,"k":0,"ix":4},"sa":{"a":0,"k":0,"ix":5},"nm":"Transform"}],"nm":"Group 26","np":2,"cix":2,"bm":0,"ix":26,"mn":"ADBE Vector Group","hd":false},{"ty":"gr","it":[{"ind":0,"ty":"sh","ix":1,"ks":{"a":0,"k":{"i":[[-0.19,1.939],[-1.62,9.041],[-1.98,-0.372],[2.629,-26.958],[2.001,0.218]],"o":[[0.891,-9.147],[0.348,-1.941],[5.39,1.045],[-0.192,1.964],[-2.028,-0.223]],"v":[[-5.404,13.172],[-1.618,-14.239],[2.596,-17.08],[1.842,13.961],[-2.128,17.122]],"c":true},"ix":2},"nm":"Path 1","mn":"ADBE Vector Shape - Group","hd":false},{"ty":"fl","c":{"a":0,"k":[0.741176486015,0.815686285496,0.984313726425,1],"ix":4},"o":{"a":0,"k":100,"ix":5},"r":1,"bm":0,"nm":"Fill 1","mn":"ADBE Vector Graphic - Fill","hd":false},{"ty":"tr","p":{"a":0,"k":[2210.365,801.723],"ix":2},"a":{"a":0,"k":[0,0],"ix":1},"s":{"a":0,"k":[100,100],"ix":3},"r":{"a":0,"k":0,"ix":6},"o":{"a":0,"k":100,"ix":7},"sk":{"a":0,"k":0,"ix":4},"sa":{"a":0,"k":0,"ix":5},"nm":"Transform"}],"nm":"Group 27","np":2,"cix":2,"bm":0,"ix":27,"mn":"ADBE Vector Group","hd":false},{"ty":"gr","it":[{"ind":0,"ty":"sh","ix":1,"ks":{"a":0,"k":{"i":[[0.473,0.179],[0.107,1.446],[0.159,4.809],[-2.009,0.034],[-0.964,-12.909],[2.005,-0.114]],"o":[[-1.297,-0.49],[-0.356,-4.77],[-0.065,-1.976],[4.87,-0.109],[0.149,1.972],[-0.535,0.03]],"v":[[-0.875,10.485],[-3.245,7.354],[-4.021,-7.083],[-0.502,-10.721],[4.013,6.938],[0.65,10.717]],"c":true},"ix":2},"nm":"Path 1","mn":"ADBE Vector Shape - Group","hd":false},{"ty":"fl","c":{"a":0,"k":[0.741176486015,0.815686285496,0.984313726425,1],"ix":4},"o":{"a":0,"k":100,"ix":5},"r":1,"bm":0,"nm":"Fill 1","mn":"ADBE Vector Graphic - Fill","hd":false},{"ty":"tr","p":{"a":0,"k":[2207.534,866.955],"ix":2},"a":{"a":0,"k":[0,0],"ix":1},"s":{"a":0,"k":[100,100],"ix":3},"r":{"a":0,"k":0,"ix":6},"o":{"a":0,"k":100,"ix":7},"sk":{"a":0,"k":0,"ix":4},"sa":{"a":0,"k":0,"ix":5},"nm":"Transform"}],"nm":"Group 28","np":2,"cix":2,"bm":0,"ix":28,"mn":"ADBE Vector Group","hd":false}],"ip":0,"op":528,"st":0,"ct":1,"bm":0},{"ddd":0,"ind":6,"ty":4,"nm":"Illustration","sr":1,"ks":{"o":{"a":0,"k":100,"ix":11},"r":{"a":0,"k":0,"ix":10},"p":{"a":0,"k":[1977.141,1848.716,0],"ix":2,"l":2},"a":{"a":0,"k":[1977.141,1848.716,0],"ix":1,"l":2},"s":{"a":0,"k":[100,100,100],"ix":6,"l":2}},"ao":0,"shapes":[{"ty":"gr","it":[{"ty":"gr","it":[{"ind":0,"ty":"sh","ix":1,"ks":{"a":0,"k":{"i":[[6.6,0],[0,0],[0,6.6],[0,0],[-6.6,0],[0,0],[0,-6.6],[0,0]],"o":[[0,0],[-6.6,0],[0,0],[0,-6.6],[0,0],[6.6,0],[0,0],[0,6.6]],"v":[[366.841,46.032],[-366.841,46.032],[-378.841,34.032],[-378.841,-34.032],[-366.841,-46.032],[366.841,-46.032],[378.841,-34.032],[378.841,34.032]],"c":true},"ix":2},"nm":"Path 1","mn":"ADBE Vector Shape - Group","hd":false},{"ty":"fl","c":{"a":0,"k":[1,1,1,1],"ix":4},"o":{"a":0,"k":100,"ix":5},"r":1,"bm":0,"nm":"Fill 1","mn":"ADBE Vector Graphic - Fill","hd":false},{"ty":"tr","p":{"a":0,"k":[1389.615,1722.624],"ix":2},"a":{"a":0,"k":[-375.879,3.973],"ix":1},"s":{"a":0,"k":[100,100],"ix":3},"r":{"a":0,"k":0,"ix":6},"o":{"a":0,"k":100,"ix":7},"sk":{"a":0,"k":0,"ix":4},"sa":{"a":0,"k":0,"ix":5},"nm":"Transform"}],"nm":"Group 1","np":2,"cix":2,"bm":0,"ix":1,"mn":"ADBE Vector Group","hd":false},{"ty":"gr","it":[{"ind":0,"ty":"sh","ix":1,"ks":{"a":0,"k":{"i":[[0,-30.825],[30.825,0],[0,30.825],[-30.825,0]],"o":[[0,30.825],[-30.825,0],[0,-30.825],[30.825,0]],"v":[[55.813,0],[0,55.813],[-55.813,0],[0,-55.813]],"c":true},"ix":2},"nm":"Path 1","mn":"ADBE Vector Shape - Group","hd":false},{"ty":"fl","c":{"a":0,"k":[1,1,1,1],"ix":4},"o":{"a":0,"k":100,"ix":5},"r":1,"bm":0,"nm":"Fill 1","mn":"ADBE Vector Graphic - Fill","hd":false},{"ty":"tr","p":{"a":0,"k":[1440.276,2416.569],"ix":2},"a":{"a":0,"k":[0,0],"ix":1},"s":{"a":0,"k":[100,100],"ix":3},"r":{"a":0,"k":0,"ix":6},"o":{"a":0,"k":100,"ix":7},"sk":{"a":0,"k":0,"ix":4},"sa":{"a":0,"k":0,"ix":5},"nm":"Transform"}],"nm":"Group 2","np":2,"cix":2,"bm":0,"ix":2,"mn":"ADBE Vector Group","hd":false},{"ty":"gr","it":[{"ind":0,"ty":"sh","ix":1,"ks":{"a":0,"k":{"i":[[7.438,0],[0,0],[0,7.438],[0,0],[-7.438,0],[0,0],[0,-7.438],[0,0]],"o":[[0,0],[-7.438,0],[0,0],[0,-7.438],[0,0],[7.438,0],[0,0],[0,7.438]],"v":[[467.69,46.032],[-467.69,46.032],[-481.214,32.507],[-481.214,-32.507],[-467.69,-46.032],[467.69,-46.032],[481.214,-32.507],[481.214,32.507]],"c":true},"ix":2},"nm":"Path 1","mn":"ADBE Vector Shape - Group","hd":false},{"ty":"fl","c":{"a":0,"k":[1,1,1,1],"ix":4},"o":{"a":0,"k":100,"ix":5},"r":1,"bm":0,"nm":"Fill 1","mn":"ADBE Vector Graphic - Fill","hd":false},{"ty":"tr","p":{"a":0,"k":[1563.172,2419.31],"ix":2},"a":{"a":0,"k":[-481.77,2.461],"ix":1},"s":{"a":0,"k":[100,100],"ix":3},"r":{"a":0,"k":0,"ix":6},"o":{"a":0,"k":100,"ix":7},"sk":{"a":0,"k":0,"ix":4},"sa":{"a":0,"k":0,"ix":5},"nm":"Transform"}],"nm":"Group 3","np":2,"cix":2,"bm":0,"ix":3,"mn":"ADBE Vector Group","hd":false},{"ty":"gr","it":[{"ind":0,"ty":"sh","ix":1,"ks":{"a":0,"k":{"i":[[0,-30.825],[30.825,0],[0,30.825],[-30.825,0]],"o":[[0,30.825],[-30.825,0],[0,-30.825],[30.825,0]],"v":[[55.813,0],[0,55.813],[-55.813,0],[0,-55.813]],"c":true},"ix":2},"nm":"Path 1","mn":"ADBE Vector Shape - Group","hd":false},{"ty":"fl","c":{"a":0,"k":[1,1,1,1],"ix":4},"o":{"a":0,"k":100,"ix":5},"r":1,"bm":0,"nm":"Fill 1","mn":"ADBE Vector Graphic - Fill","hd":false},{"ty":"tr","p":{"a":0,"k":[1440.276,2243.813],"ix":2},"a":{"a":0,"k":[0,0],"ix":1},"s":{"a":0,"k":[100,100],"ix":3},"r":{"a":0,"k":0,"ix":6},"o":{"a":0,"k":100,"ix":7},"sk":{"a":0,"k":0,"ix":4},"sa":{"a":0,"k":0,"ix":5},"nm":"Transform"}],"nm":"Group 4","np":2,"cix":2,"bm":0,"ix":4,"mn":"ADBE Vector Group","hd":false},{"ty":"gr","it":[{"ind":0,"ty":"sh","ix":1,"ks":{"a":0,"k":{"i":[[7.438,0],[0,0],[0,7.438],[0,0],[-7.438,0],[0,0],[0,-7.438],[0,0]],"o":[[0,0],[-7.438,0],[0,0],[0,-7.438],[0,0],[7.438,0],[0,0],[0,7.438]],"v":[[467.69,46.032],[-467.69,46.032],[-481.214,32.507],[-481.214,-32.507],[-467.69,-46.032],[467.69,-46.032],[481.214,-32.507],[481.214,32.507]],"c":true},"ix":2},"nm":"Path 1","mn":"ADBE Vector Shape - Group","hd":false},{"ty":"fl","c":{"a":0,"k":[1,1,1,1],"ix":4},"o":{"a":0,"k":100,"ix":5},"r":1,"bm":0,"nm":"Fill 1","mn":"ADBE Vector Graphic - Fill","hd":false},{"ty":"tr","p":{"a":0,"k":[1563.758,2243.695],"ix":2},"a":{"a":0,"k":[-481.184,-0.398],"ix":1},"s":{"a":0,"k":[100,100],"ix":3},"r":{"a":0,"k":0,"ix":6},"o":{"a":0,"k":100,"ix":7},"sk":{"a":0,"k":0,"ix":4},"sa":{"a":0,"k":0,"ix":5},"nm":"Transform"}],"nm":"Group 5","np":2,"cix":2,"bm":0,"ix":5,"mn":"ADBE Vector Group","hd":false},{"ty":"gr","it":[{"ind":0,"ty":"sh","ix":1,"ks":{"a":0,"k":{"i":[[0,-30.825],[30.825,0],[0,30.825],[-30.825,0]],"o":[[0,30.825],[-30.825,0],[0,-30.825],[30.825,0]],"v":[[55.813,0],[0,55.813],[-55.813,0],[0,-55.813]],"c":true},"ix":2},"nm":"Path 1","mn":"ADBE Vector Shape - Group","hd":false},{"ty":"fl","c":{"a":0,"k":[1,1,1,1],"ix":4},"o":{"a":0,"k":100,"ix":5},"r":1,"bm":0,"nm":"Fill 1","mn":"ADBE Vector Graphic - Fill","hd":false},{"ty":"tr","p":{"a":0,"k":[1440.276,2071.057],"ix":2},"a":{"a":0,"k":[0,0],"ix":1},"s":{"a":0,"k":[100,100],"ix":3},"r":{"a":0,"k":0,"ix":6},"o":{"a":0,"k":100,"ix":7},"sk":{"a":0,"k":0,"ix":4},"sa":{"a":0,"k":0,"ix":5},"nm":"Transform"}],"nm":"Group 6","np":2,"cix":2,"bm":0,"ix":6,"mn":"ADBE Vector Group","hd":false},{"ty":"gr","it":[{"ind":0,"ty":"sh","ix":1,"ks":{"a":0,"k":{"i":[[7.438,0],[0,0],[0,7.438],[0,0],[-7.438,0],[0,0],[0,-7.439],[0,0]],"o":[[0,0],[-7.438,0],[0,0],[0,-7.439],[0,0],[7.438,0],[0,0],[0,7.438]],"v":[[467.69,46.032],[-467.69,46.032],[-481.214,32.507],[-481.214,-32.507],[-467.69,-46.032],[467.69,-46.032],[481.214,-32.507],[481.214,32.507]],"c":true},"ix":2},"nm":"Path 1","mn":"ADBE Vector Shape - Group","hd":false},{"ty":"fl","c":{"a":0,"k":[1,1,1,1],"ix":4},"o":{"a":0,"k":100,"ix":5},"r":1,"bm":0,"nm":"Fill 1","mn":"ADBE Vector Graphic - Fill","hd":false},{"ty":"tr","p":{"a":0,"k":[1561.063,2070.998],"ix":2},"a":{"a":0,"k":[-483.879,-0.34],"ix":1},"s":{"a":0,"k":[100,100],"ix":3},"r":{"a":0,"k":0,"ix":6},"o":{"a":0,"k":100,"ix":7},"sk":{"a":0,"k":0,"ix":4},"sa":{"a":0,"k":0,"ix":5},"nm":"Transform"}],"nm":"Group 7","np":2,"cix":2,"bm":0,"ix":7,"mn":"ADBE Vector Group","hd":false},{"ty":"gr","it":[{"ind":0,"ty":"sh","ix":1,"ks":{"a":0,"k":{"i":[[0,-30.825],[30.825,0],[0,30.825],[-30.825,0]],"o":[[0,30.825],[-30.825,0],[0,-30.825],[30.825,0]],"v":[[55.813,0],[0,55.813],[-55.813,0],[0,-55.813]],"c":true},"ix":2},"nm":"Path 1","mn":"ADBE Vector Shape - Group","hd":false},{"ty":"fl","c":{"a":0,"k":[1,1,1,1],"ix":4},"o":{"a":0,"k":100,"ix":5},"r":1,"bm":0,"nm":"Fill 1","mn":"ADBE Vector Graphic - Fill","hd":false},{"ty":"tr","p":{"a":0,"k":[1440.276,1898.302],"ix":2},"a":{"a":0,"k":[0,0],"ix":1},"s":{"a":0,"k":[100,100],"ix":3},"r":{"a":0,"k":0,"ix":6},"o":{"a":0,"k":100,"ix":7},"sk":{"a":0,"k":0,"ix":4},"sa":{"a":0,"k":0,"ix":5},"nm":"Transform"}],"nm":"Group 8","np":2,"cix":2,"bm":0,"ix":8,"mn":"ADBE Vector Group","hd":false},{"ty":"gr","it":[{"ind":0,"ty":"sh","ix":1,"ks":{"a":0,"k":{"i":[[7.438,0],[0,0],[0,7.438],[0,0],[-7.438,0],[0,0],[0,-7.439],[0,0]],"o":[[0,0],[-7.438,0],[0,0],[0,-7.439],[0,0],[7.438,0],[0,0],[0,7.438]],"v":[[467.69,46.032],[-467.69,46.032],[-481.214,32.507],[-481.214,-32.507],[-467.69,-46.032],[467.69,-46.032],[481.214,-32.507],[481.214,32.507]],"c":true},"ix":2},"nm":"Path 1","mn":"ADBE Vector Shape - Group","hd":false},{"ty":"fl","c":{"a":0,"k":[1,1,1,1],"ix":4},"o":{"a":0,"k":100,"ix":5},"r":1,"bm":0,"nm":"Fill 1","mn":"ADBE Vector Graphic - Fill","hd":false},{"ty":"tr","p":{"a":0,"k":[1566.09,1902.168],"ix":2},"a":{"a":0,"k":[-478.852,3.586],"ix":1},"s":{"a":0,"k":[100,100],"ix":3},"r":{"a":0,"k":0,"ix":6},"o":{"a":0,"k":100,"ix":7},"sk":{"a":0,"k":0,"ix":4},"sa":{"a":0,"k":0,"ix":5},"nm":"Transform"}],"nm":"Group 9","np":2,"cix":2,"bm":0,"ix":9,"mn":"ADBE Vector Group","hd":false},{"ty":"tr","p":{"a":0,"k":[1389.528,2072.501],"ix":2},"a":{"a":0,"k":[1389.528,2072.501],"ix":1},"s":{"a":1,"k":[{"i":{"x":[0,0],"y":[1,1]},"o":{"x":[0.333,0.333],"y":[0,0]},"t":150,"s":[0,0]},{"t":165,"s":[100,100]}],"ix":3},"r":{"a":0,"k":0,"ix":6},"o":{"a":1,"k":[{"i":{"x":[0],"y":[1]},"o":{"x":[0.333],"y":[0]},"t":150,"s":[0]},{"t":165,"s":[100]}],"ix":7},"sk":{"a":0,"k":0,"ix":4},"sa":{"a":0,"k":0,"ix":5},"nm":"Transform"}],"nm":"Group 22","np":9,"cix":2,"bm":0,"ix":1,"mn":"ADBE Vector Group","hd":false},{"ty":"gr","it":[{"ind":0,"ty":"sh","ix":1,"ks":{"a":0,"k":{"i":[[13.562,0],[0,0],[0,13.562],[0,0],[-13.562,0],[0,0],[0,-13.562],[0,0]],"o":[[0,0],[-13.562,0],[0,0],[0,-13.562],[0,0],[13.562,0],[0,0],[0,13.562]],"v":[[207.295,83.603],[-207.295,83.603],[-231.952,58.945],[-231.952,-58.945],[-207.295,-83.603],[207.295,-83.603],[231.952,-58.945],[231.952,58.945]],"c":true},"ix":2},"nm":"Path 1","mn":"ADBE Vector Shape - Group","hd":false},{"ty":"gf","o":{"a":0,"k":100,"ix":10},"r":1,"bm":0,"g":{"p":3,"k":{"a":0,"k":[0,0.882,0.278,0.239,0.5,0.898,0.327,0.296,1,0.914,0.376,0.353],"ix":9}},"s":{"a":0,"k":[-216.959,-148.665],"ix":5},"e":{"a":0,"k":[836.312,572.142],"ix":6},"t":1,"nm":"Gradient Fill 1","mn":"ADBE Vector Graphic - G-Fill","hd":false},{"ty":"tr","p":{"a":0,"k":[1994.959,2633.665],"ix":2},"a":{"a":0,"k":[0,0],"ix":1},"s":{"a":1,"k":[{"i":{"x":[0,0],"y":[1,1]},"o":{"x":[0.333,0.333],"y":[0,0]},"t":165,"s":[0,0]},{"t":180,"s":[100,100]}],"ix":3},"r":{"a":0,"k":0,"ix":6},"o":{"a":1,"k":[{"i":{"x":[0],"y":[1]},"o":{"x":[0.333],"y":[0]},"t":165,"s":[0]},{"t":180,"s":[100]}],"ix":7},"sk":{"a":0,"k":0,"ix":4},"sa":{"a":0,"k":0,"ix":5},"nm":"Transform"}],"nm":"Group 10","np":2,"cix":2,"bm":0,"ix":2,"mn":"ADBE Vector Group","hd":false},{"ty":"gr","it":[{"ty":"gr","it":[{"ind":0,"ty":"sh","ix":1,"ks":{"a":0,"k":{"i":[[6.582,0.1],[0,0],[-0.101,6.582],[0,0],[-6.582,-0.1],[0,0],[0.101,-6.582],[0,0]],"o":[[0,0],[-6.582,-0.1],[0,0],[0.101,-6.582],[0,0],[6.582,0.1],[0,0],[-0.101,6.582]],"v":[[189.906,43.485],[-191.145,37.668],[-202.93,25.518],[-202.056,-31.7],[-189.906,-43.485],[191.145,-37.668],[202.93,-25.518],[202.056,31.7]],"c":true},"ix":2},"nm":"Path 1","mn":"ADBE Vector Shape - Group","hd":false},{"ty":"fl","c":{"a":0,"k":[1,1,1,1],"ix":4},"o":{"a":0,"k":100,"ix":5},"r":1,"bm":0,"nm":"Fill 1","mn":"ADBE Vector Graphic - Fill","hd":false},{"ty":"tr","p":{"a":0,"k":[2143.678,1422.703],"ix":2},"a":{"a":0,"k":[-202.812,2.43],"ix":1},"s":{"a":0,"k":[100,100],"ix":3},"r":{"a":0,"k":0,"ix":6},"o":{"a":0,"k":100,"ix":7},"sk":{"a":0,"k":0,"ix":4},"sa":{"a":0,"k":0,"ix":5},"nm":"Transform"}],"nm":"Group 11","np":2,"cix":2,"bm":0,"ix":1,"mn":"ADBE Vector Group","hd":false},{"ty":"gr","it":[{"ind":0,"ty":"sh","ix":1,"ks":{"a":0,"k":{"i":[[6.582,0.1],[0,0],[-0.101,6.582],[0,0],[-6.582,-0.1],[0,0],[0.101,-6.582],[0,0]],"o":[[0,0],[-6.582,-0.1],[0,0],[0.1,-6.582],[0,0],[6.582,0.1],[0,0],[-0.101,6.582]],"v":[[189.906,43.485],[-191.145,37.668],[-202.93,25.518],[-202.056,-31.7],[-189.906,-43.485],[191.145,-37.668],[202.93,-25.518],[202.056,31.7]],"c":true},"ix":2},"nm":"Path 1","mn":"ADBE Vector Shape - Group","hd":false},{"ty":"fl","c":{"a":0,"k":[1,1,1,1],"ix":4},"o":{"a":0,"k":100,"ix":5},"r":1,"bm":0,"nm":"Fill 1","mn":"ADBE Vector Graphic - Fill","hd":false},{"ty":"tr","p":{"a":0,"k":[2145.261,1253.335],"ix":2},"a":{"a":0,"k":[-203.914,-0.711],"ix":1},"s":{"a":0,"k":[100,100],"ix":3},"r":{"a":0,"k":0,"ix":6},"o":{"a":0,"k":100,"ix":7},"sk":{"a":0,"k":0,"ix":4},"sa":{"a":0,"k":0,"ix":5},"nm":"Transform"}],"nm":"Group 12","np":2,"cix":2,"bm":0,"ix":2,"mn":"ADBE Vector Group","hd":false},{"ty":"gr","it":[{"ind":0,"ty":"sh","ix":1,"ks":{"a":0,"k":{"i":[[6.582,0.1],[0,0],[-0.101,6.582],[0,0],[-6.582,-0.1],[0,0],[0.1,-6.582],[0,0]],"o":[[0,0],[-6.582,-0.1],[0,0],[0.101,-6.582],[0,0],[6.582,0.1],[0,0],[-0.1,6.582]],"v":[[189.906,43.485],[-191.145,37.668],[-202.93,25.518],[-202.056,-31.7],[-189.906,-43.485],[191.145,-37.668],[202.93,-25.518],[202.056,31.7]],"c":true},"ix":2},"nm":"Path 1","mn":"ADBE Vector Shape - Group","hd":false},{"ty":"fl","c":{"a":0,"k":[1,1,1,1],"ix":4},"o":{"a":0,"k":100,"ix":5},"r":1,"bm":0,"nm":"Fill 1","mn":"ADBE Vector Graphic - Fill","hd":false},{"ty":"tr","p":{"a":0,"k":[2150.66,1088.768],"ix":2},"a":{"a":0,"k":[-200.906,0.949],"ix":1},"s":{"a":0,"k":[100,100],"ix":3},"r":{"a":0,"k":0,"ix":6},"o":{"a":0,"k":100,"ix":7},"sk":{"a":0,"k":0,"ix":4},"sa":{"a":0,"k":0,"ix":5},"nm":"Transform"}],"nm":"Group 13","np":2,"cix":2,"bm":0,"ix":3,"mn":"ADBE Vector Group","hd":false},{"ty":"tr","p":{"a":0,"k":[2146.724,1254.046],"ix":2},"a":{"a":0,"k":[2146.724,1254.046],"ix":1},"s":{"a":1,"k":[{"i":{"x":[0,0],"y":[1,1]},"o":{"x":[0.333,0.333],"y":[0,0]},"t":150,"s":[0,0]},{"t":165,"s":[100,100]}],"ix":3},"r":{"a":0,"k":0,"ix":6},"o":{"a":1,"k":[{"i":{"x":[0],"y":[1]},"o":{"x":[0.333],"y":[0]},"t":150,"s":[0]},{"t":165,"s":[100]}],"ix":7},"sk":{"a":0,"k":0,"ix":4},"sa":{"a":0,"k":0,"ix":5},"nm":"Transform"}],"nm":"Group 21","np":3,"cix":2,"bm":0,"ix":3,"mn":"ADBE Vector Group","hd":false},{"ty":"gr","it":[{"ty":"gr","it":[{"ty":"gr","it":[{"ind":0,"ty":"sh","ix":1,"ks":{"a":0,"k":{"i":[[-41.47,-54.33],[83.46,0],[52.85,48.55],[-101.12,3.39]],"o":[[-53.94,55.45],[-77.41,0],[41.07,-54.78],[96.88,-3.25]],"v":[[206.785,7.59],[-6.025,97.48],[-206.785,19.3],[2.645,-97.34]],"c":true},"ix":2},"nm":"Path 1","mn":"ADBE Vector Shape - Group","hd":false},{"ty":"gf","o":{"a":0,"k":100,"ix":10},"r":1,"bm":0,"g":{"p":3,"k":{"a":0,"k":[0,1,0.573,0.557,0.5,0.998,0.506,0.471,1,0.996,0.439,0.384],"ix":9}},"s":{"a":0,"k":[-198.115,-341.86],"ix":5},"e":{"a":0,"k":[318.894,585.894],"ix":6},"t":1,"nm":"Gradient Fill 1","mn":"ADBE Vector Graphic - G-Fill","hd":false},{"ty":"tr","p":{"a":0,"k":[1704.115,1440.86],"ix":2},"a":{"a":0,"k":[0,0],"ix":1},"s":{"a":0,"k":[100,100],"ix":3},"r":{"a":0,"k":0,"ix":6},"o":{"a":0,"k":100,"ix":7},"sk":{"a":0,"k":0,"ix":4},"sa":{"a":0,"k":0,"ix":5},"nm":"Transform"}],"nm":"Group 14","np":2,"cix":2,"bm":0,"ix":1,"mn":"ADBE Vector Group","hd":false},{"ty":"gr","it":[{"ind":0,"ty":"sh","ix":1,"ks":{"a":0,"k":{"i":[[0,-71.853],[71.853,0],[0,71.853],[-71.853,0]],"o":[[0,71.853],[-71.853,0],[0,-71.853],[71.853,0]],"v":[[130.101,0],[0,130.101],[-130.101,0],[0,-130.101]],"c":true},"ix":2},"nm":"Path 1","mn":"ADBE Vector Shape - Group","hd":false},{"ty":"gf","o":{"a":0,"k":100,"ix":10},"r":1,"bm":0,"g":{"p":3,"k":{"a":0,"k":[0,1,0.573,0.557,0.5,0.998,0.506,0.471,1,0.996,0.439,0.384],"ix":9}},"s":{"a":0,"k":[460.624,1146.361],"ix":5},"e":{"a":0,"k":[730.994,1818.348],"ix":6},"t":1,"nm":"Gradient Fill 1","mn":"ADBE Vector Graphic - G-Fill","hd":false},{"ty":"tr","p":{"a":0,"k":[1699.376,1165.639],"ix":2},"a":{"a":0,"k":[0,0],"ix":1},"s":{"a":0,"k":[100,100],"ix":3},"r":{"a":0,"k":0,"ix":6},"o":{"a":0,"k":100,"ix":7},"sk":{"a":0,"k":0,"ix":4},"sa":{"a":0,"k":0,"ix":5},"nm":"Transform"}],"nm":"Group 15","np":2,"cix":2,"bm":0,"ix":2,"mn":"ADBE Vector Group","hd":false},{"ty":"tr","p":{"a":0,"k":[1704.994,1543.345],"ix":2},"a":{"a":0,"k":[1704.994,1543.345],"ix":1},"s":{"a":0,"k":[100,100],"ix":3},"r":{"a":0,"k":0,"ix":6},"o":{"a":0,"k":100,"ix":7},"sk":{"a":0,"k":0,"ix":4},"sa":{"a":0,"k":0,"ix":5},"nm":"Transform"}],"nm":"Group 20","np":2,"cix":2,"bm":0,"ix":1,"mn":"ADBE Vector Group","hd":false},{"ty":"gr","it":[{"ind":0,"ty":"sh","ix":1,"ks":{"a":0,"k":{"i":[[0,-184.103],[184.103,0],[0,184.103],[-184.103,0]],"o":[[0,184.103],[-184.103,0],[0,-184.103],[184.103,0]],"v":[[333.347,0],[0,333.347],[-333.347,0],[0,-333.347]],"c":true},"ix":2},"nm":"Path 1","mn":"ADBE Vector Shape - Group","hd":false},{"ty":"fl","c":{"a":0,"k":[1,1,1,1],"ix":4},"o":{"a":0,"k":100,"ix":5},"r":1,"bm":0,"nm":"Fill 1","mn":"ADBE Vector Graphic - Fill","hd":false},{"ty":"tr","p":{"a":0,"k":[1698.087,1241.464],"ix":2},"a":{"a":0,"k":[0,0],"ix":1},"s":{"a":0,"k":[100,100],"ix":3},"r":{"a":0,"k":0,"ix":6},"o":{"a":0,"k":100,"ix":7},"sk":{"a":0,"k":0,"ix":4},"sa":{"a":0,"k":0,"ix":5},"nm":"Transform"}],"nm":"Group 16","np":2,"cix":2,"bm":0,"ix":2,"mn":"ADBE Vector Group","hd":false},{"ty":"tr","p":{"a":0,"k":[1698.087,1241.464],"ix":2},"a":{"a":0,"k":[1698.087,1241.464],"ix":1},"s":{"a":1,"k":[{"i":{"x":[0,0],"y":[1,1]},"o":{"x":[0.333,0.333],"y":[0,0]},"t":145,"s":[0,0]},{"t":160,"s":[100,100]}],"ix":3},"r":{"a":0,"k":0,"ix":6},"o":{"a":1,"k":[{"i":{"x":[0],"y":[1]},"o":{"x":[0.333],"y":[0]},"t":145,"s":[0]},{"t":160,"s":[100]}],"ix":7},"sk":{"a":0,"k":0,"ix":4},"sa":{"a":0,"k":0,"ix":5},"nm":"Transform"}],"nm":"Group 23","np":2,"cix":2,"bm":0,"ix":4,"mn":"ADBE Vector Group","hd":false},{"ty":"gr","it":[{"ind":0,"ty":"sh","ix":1,"ks":{"a":0,"k":{"i":[[-0.502,1.241],[-8.987,-0.273],[-55.865,-2.013],[2.324,10.774],[14.108,0.981],[75.341,-4.347]],"o":[[0.197,8.989],[44.369,1.348],[11.015,0.397],[-0.191,-0.339],[-37.79,-2.628],[-15.471,0.893]],"v":[[-129.486,-2.547],[-113.133,13.975],[112.09,21.162],[129.198,0.706],[113.467,-14.429],[-113.676,-19.794]],"c":true},"ix":2},"nm":"Path 1","mn":"ADBE Vector Shape - Group","hd":false},{"ty":"gf","o":{"a":0,"k":100,"ix":10},"r":1,"bm":0,"g":{"p":3,"k":{"a":0,"k":[0,0.035,0,0.365,0.5,0.069,0.029,0.467,1,0.102,0.059,0.569],"ix":9}},"s":{"a":0,"k":[73.096,-909.138],"ix":5},"e":{"a":0,"k":[14.034,-180.712],"ix":6},"t":1,"nm":"Gradient Fill 1","mn":"ADBE Vector Graphic - G-Fill","hd":false},{"ty":"tr","p":{"a":0,"k":[1959.904,729.138],"ix":2},"a":{"a":0,"k":[0,0],"ix":1},"s":{"a":0,"k":[100,100],"ix":3},"r":{"a":0,"k":0,"ix":6},"o":{"a":0,"k":100,"ix":7},"sk":{"a":0,"k":0,"ix":4},"sa":{"a":0,"k":0,"ix":5},"nm":"Transform"}],"nm":"Group 17","np":2,"cix":2,"bm":0,"ix":5,"mn":"ADBE Vector Group","hd":false},{"ty":"gr","it":[{"ind":0,"ty":"sh","ix":1,"ks":{"a":0,"k":{"i":[[0.828,-56.33],[-23.783,-399.485],[-56.005,-1.952],[-336.935,37.074],[-1.616,63.678],[23.114,395.018],[60.35,4.067],[286.518,-23.86]],"o":[[-4.785,325.371],[3.476,58.39],[230.587,8.036],[60.671,-6.676],[8.428,-332.04],[-3.688,-63.016],[-249.671,-16.823],[-53.785,4.479]],"v":[[-693.803,-904.625],[-688.429,902.606],[-583.592,1009.047],[575.233,995.559],[683.889,872.617],[691.969,-862.548],[579.787,-979.913],[-597.528,-1011.674]],"c":true},"ix":2},"nm":"Path 1","mn":"ADBE Vector Shape - Group","hd":false},{"ty":"gf","o":{"a":0,"k":100,"ix":10},"r":1,"bm":0,"g":{"p":3,"k":{"a":0,"k":[0,0.996,0.733,0.729,0.5,0.998,0.653,0.643,1,1,0.573,0.557],"ix":9}},"s":{"a":0,"k":[-415.095,-852.808],"ix":5},"e":{"a":0,"k":[1075.873,2265.63],"ix":6},"t":1,"nm":"Gradient Fill 1","mn":"ADBE Vector Graphic - G-Fill","hd":false},{"ty":"tr","p":{"a":0,"k":[1967.095,1793.808],"ix":2},"a":{"a":0,"k":[0,0],"ix":1},"s":{"a":0,"k":[100,100],"ix":3},"r":{"a":0,"k":0,"ix":6},"o":{"a":0,"k":100,"ix":7},"sk":{"a":0,"k":0,"ix":4},"sa":{"a":0,"k":0,"ix":5},"nm":"Transform"}],"nm":"Group 18","np":2,"cix":2,"bm":0,"ix":6,"mn":"ADBE Vector Group","hd":false},{"ty":"gr","it":[{"ind":0,"ty":"sh","ix":1,"ks":{"a":0,"k":{"i":[[343.577,-29.881],[0.176,-62.198],[-24.792,-464.371],[-49.263,-0.531],[-397.888,25.451],[0.1,83.043],[54.685,513.18],[61.648,4.803]],"o":[[-61.964,5.389],[-1.079,380.368],[2.626,49.196],[243.658,2.623],[82.874,-5.301],[-0.483,-399.209],[-6.552,-61.487],[-265.746,-20.705]],"v":[[-692.007,-1178.698],[-801.656,-1059.216],[-779.723,1097.515],[-687.501,1185.888],[654.918,1167.88],[802.18,1010.897],[740.634,-1024.208],[623.007,-1138.492]],"c":true},"ix":2},"nm":"Path 1","mn":"ADBE Vector Shape - Group","hd":false},{"ty":"gf","o":{"a":0,"k":100,"ix":10},"r":1,"bm":0,"g":{"p":3,"k":{"a":0,"k":[0,0.035,0,0.365,0.5,0.069,0.029,0.467,1,0.102,0.059,0.569],"ix":9}},"s":{"a":0,"k":[564.859,1995.284],"ix":5},"e":{"a":0,"k":[-254.128,-745.173],"ix":6},"t":1,"nm":"Gradient Fill 1","mn":"ADBE Vector Graphic - G-Fill","hd":false},{"ty":"tr","p":{"a":0,"k":[1977.141,1848.716],"ix":2},"a":{"a":0,"k":[0,0],"ix":1},"s":{"a":0,"k":[100,100],"ix":3},"r":{"a":0,"k":0,"ix":6},"o":{"a":0,"k":100,"ix":7},"sk":{"a":0,"k":0,"ix":4},"sa":{"a":0,"k":0,"ix":5},"nm":"Transform"}],"nm":"Group 19","np":2,"cix":2,"bm":0,"ix":7,"mn":"ADBE Vector Group","hd":false}],"ip":0,"op":528,"st":0,"ct":1,"bm":0},{"ddd":0,"ind":7,"ty":4,"nm":"Leaf 3","sr":1,"ks":{"o":{"a":0,"k":100,"ix":11},"r":{"a":1,"k":[{"i":{"x":[0.667],"y":[1]},"o":{"x":[0.333],"y":[0]},"t":145,"s":[2]},{"i":{"x":[0.667],"y":[1]},"o":{"x":[0.333],"y":[0]},"t":178,"s":[-2]},{"t":210,"s":[2]}],"ix":10},"p":{"a":0,"k":[1275.979,2566.776,0],"ix":2,"l":2},"a":{"a":0,"k":[1275.979,2566.776,0],"ix":1,"l":2},"s":{"a":0,"k":[100,100,100],"ix":6,"l":2}},"ao":0,"shapes":[{"ty":"gr","it":[{"ind":0,"ty":"sh","ix":1,"ks":{"a":0,"k":{"i":[[-1.31,1.253],[-81.694,-10.082],[-38.623,-105.659],[-8.926,-54.993],[1.078,4.288],[9.624,27.973],[4.652,3.693],[130.058,-69.984],[22.195,-16.643],[0,0],[1.204,1.606]],"o":[[57.395,-55.024],[106.289,17.121],[15.098,44.863],[0.713,4.391],[-6.495,-25.83],[-56.024,-180.473],[-9.041,0.892],[-24.286,13.219],[0,0],[-1.606,1.204],[-1.114,-1.486]],"v":[[-238.725,-61.179],[-6.162,-160.192],[209.554,33.567],[239.789,157.371],[232.947,158.787],[210.393,77.938],[30.125,-130.537],[-163.785,-100.693],[-233.907,-55.741],[-234.03,-55.648],[-239.118,-56.376]],"c":true},"ix":2},"nm":"Path 1","mn":"ADBE Vector Shape - Group","hd":false},{"ty":"fl","c":{"a":0,"k":[1,1,1,1],"ix":4},"o":{"a":0,"k":100,"ix":5},"r":1,"bm":0,"nm":"Fill 1","mn":"ADBE Vector Graphic - Fill","hd":false},{"ty":"tr","p":{"a":0,"k":[1055.395,2432.685],"ix":2},"a":{"a":0,"k":[0,0],"ix":1},"s":{"a":0,"k":[100,100],"ix":3},"r":{"a":0,"k":0,"ix":6},"o":{"a":0,"k":50,"ix":7},"sk":{"a":0,"k":0,"ix":4},"sa":{"a":0,"k":0,"ix":5},"nm":"Transform"}],"nm":"Group 1","np":2,"cix":2,"bm":0,"ix":1,"mn":"ADBE Vector Group","hd":false},{"ty":"gr","it":[{"ind":0,"ty":"sh","ix":1,"ks":{"a":0,"k":{"i":[[-87.497,-46.132],[6.729,132.983],[114.678,135.773],[158.242,-123.43],[48.24,-9.65],[-5.813,-10.705],[-146.877,9.215],[-69.203,-101.6],[-2.126,-48.15]],"o":[[13.222,6.971],[-6.729,-132.983],[-114.678,-135.773],[-131.868,102.857],[-11.945,2.389],[30.941,56.978],[187.351,-11.753],[69.204,101.599],[2.125,48.15]],"v":[[453.289,441.256],[372.086,164.302],[220.677,-331.425],[-177.826,-356.155],[-440.19,-191.739],[-452.419,-165.16],[-187.125,13.484],[296.484,-18.461],[358.927,188.137]],"c":true},"ix":2},"nm":"Path 1","mn":"ADBE Vector Shape - Group","hd":false},{"ty":"fl","c":{"a":0,"k":[0.741176486015,0.815686285496,0.984313726425,1],"ix":4},"o":{"a":0,"k":100,"ix":5},"r":1,"bm":0,"nm":"Fill 1","mn":"ADBE Vector Graphic - Fill","hd":false},{"ty":"tr","p":{"a":0,"k":[941.335,2564.636],"ix":2},"a":{"a":0,"k":[0,0],"ix":1},"s":{"a":0,"k":[100,100],"ix":3},"r":{"a":0,"k":0,"ix":6},"o":{"a":0,"k":100,"ix":7},"sk":{"a":0,"k":0,"ix":4},"sa":{"a":0,"k":0,"ix":5},"nm":"Transform"}],"nm":"Group 2","np":2,"cix":2,"bm":0,"ix":2,"mn":"ADBE Vector Group","hd":false}],"ip":0,"op":528,"st":0,"ct":1,"bm":0},{"ddd":0,"ind":8,"ty":4,"nm":"Leaf 2","sr":1,"ks":{"o":{"a":0,"k":100,"ix":11},"r":{"a":1,"k":[{"i":{"x":[0.667],"y":[1]},"o":{"x":[0.333],"y":[0]},"t":145,"s":[2]},{"i":{"x":[0.667],"y":[1]},"o":{"x":[0.333],"y":[0]},"t":178,"s":[-2]},{"t":210,"s":[2]}],"ix":10},"p":{"a":0,"k":[1213.228,2265.283,0],"ix":2,"l":2},"a":{"a":0,"k":[1213.228,2265.283,0],"ix":1,"l":2},"s":{"a":0,"k":[100,100,100],"ix":6,"l":2}},"ao":0,"shapes":[{"ty":"gr","it":[{"ind":0,"ty":"sh","ix":1,"ks":{"a":0,"k":{"i":[[-1.647,-0.065],[-79.622,-125.074],[0,0],[-54.635,-164.911],[2.055,-0.681],[-0.333,-0.34],[43.543,88.327],[106.51,62.523],[-0.34,-0.07],[-0.177,1.728]],"o":[[146.17,6.122],[0,0],[17.357,27.985],[0.68,2.056],[-3.492,1.156],[-38.065,-93.163],[-46.695,-96.383],[-118.549,-67.334],[-1.728,-0.177],[0.17,-1.663]],"v":[[-278.748,-303.408],[103.947,-105.534],[111.462,-93.599],[281.826,298.237],[279.336,303.193],[274.428,300.846],[138.149,1.241],[-47.734,-222.939],[-279.199,-297.135],[-282.009,-300.584]],"c":true},"ix":2},"nm":"Path 1","mn":"ADBE Vector Shape - Group","hd":false},{"ty":"fl","c":{"a":0,"k":[1,1,1,1],"ix":4},"o":{"a":0,"k":100,"ix":5},"r":1,"bm":0,"nm":"Fill 1","mn":"ADBE Vector Graphic - Fill","hd":false},{"ty":"tr","p":{"a":0,"k":[924.382,1983.905],"ix":2},"a":{"a":0,"k":[0,0],"ix":1},"s":{"a":0,"k":[100,100],"ix":3},"r":{"a":0,"k":0,"ix":6},"o":{"a":0,"k":50,"ix":7},"sk":{"a":0,"k":0,"ix":4},"sa":{"a":0,"k":0,"ix":5},"nm":"Transform"}],"nm":"Group 1","np":2,"cix":2,"bm":0,"ix":1,"mn":"ADBE Vector Group","hd":false},{"ty":"gr","it":[{"ind":0,"ty":"sh","ix":1,"ks":{"a":0,"k":{"i":[[-63.307,-31.042],[73.052,460.582],[123.634,104.792],[114.567,-20.925],[-11.144,-9.36],[-30.623,-109.687],[-123.053,-24.887],[-59.948,-196.789]],"o":[[22.28,10.925],[-34.424,-217.038],[-102.897,-87.215],[-14.316,2.614],[54.941,46.141],[40.364,144.575],[123.053,24.887],[59.947,196.788]],"v":[[511.368,692.031],[227.39,-50.882],[68.883,-644.643],[-498.726,-655.871],[-506.718,-625.813],[-303.623,-361.149],[-2.756,-99.73],[248.697,146.097]],"c":true},"ix":2},"nm":"Path 1","mn":"ADBE Vector Shape - Group","hd":false},{"ty":"fl","c":{"a":0,"k":[0.568627476692,0.701960802078,0.980392158031,1],"ix":4},"o":{"a":0,"k":100,"ix":5},"r":1,"bm":0,"nm":"Fill 1","mn":"ADBE Vector Graphic - Fill","hd":false},{"ty":"tr","p":{"a":0,"k":[983.228,2275.283],"ix":2},"a":{"a":0,"k":[0,0],"ix":1},"s":{"a":0,"k":[100,100],"ix":3},"r":{"a":0,"k":0,"ix":6},"o":{"a":0,"k":100,"ix":7},"sk":{"a":0,"k":0,"ix":4},"sa":{"a":0,"k":0,"ix":5},"nm":"Transform"}],"nm":"Group 2","np":2,"cix":2,"bm":0,"ix":2,"mn":"ADBE Vector Group","hd":false}],"ip":0,"op":528,"st":0,"ct":1,"bm":0},{"ddd":0,"ind":9,"ty":4,"nm":"Leaf","sr":1,"ks":{"o":{"a":0,"k":100,"ix":11},"r":{"a":1,"k":[{"i":{"x":[0.667],"y":[1]},"o":{"x":[0.333],"y":[0]},"t":145,"s":[-2]},{"i":{"x":[0.667],"y":[1]},"o":{"x":[0.333],"y":[0]},"t":178,"s":[2]},{"t":210,"s":[-2]}],"ix":10},"p":{"a":0,"k":[1236.054,2245.793,0],"ix":2,"l":2},"a":{"a":0,"k":[1236.054,2245.793,0],"ix":1,"l":2},"s":{"a":0,"k":[100,100,100],"ix":6,"l":2}},"ao":0,"shapes":[{"ty":"gr","it":[{"ind":0,"ty":"sh","ix":1,"ks":{"a":0,"k":{"i":[[-2.501,-2.22],[-105.514,-270.223],[-17.205,-168.27],[18.633,-98.165],[6.206,1.178],[-0.096,-0.362],[48.759,188.355],[143.71,190.181],[0,0],[-10.409,9.967]],"o":[[171.199,152.686],[13.544,44.534],[15.366,140.339],[-1.178,6.206],[-10.671,-2.024],[21.279,-167.717],[-62.294,-231.278],[0,0],[-111.341,-142.988],[2.458,-2.354]],"v":[[-271.108,-697.556],[203.566,-4.425],[273.933,303.086],[263.027,689.887],[249.658,698.991],[240.502,685.851],[204.189,121.027],[-140.756,-524.665],[-155.545,-543.392],[-279.916,-697.4]],"c":true},"ix":2},"nm":"Path 1","mn":"ADBE Vector Shape - Group","hd":false},{"ty":"fl","c":{"a":0,"k":[1,1,1,1],"ix":4},"o":{"a":0,"k":100,"ix":5},"r":1,"bm":0,"nm":"Fill 1","mn":"ADBE Vector Graphic - Fill","hd":false},{"ty":"tr","p":{"a":0,"k":[996.662,1472.671],"ix":2},"a":{"a":0,"k":[0,0],"ix":1},"s":{"a":0,"k":[100,100],"ix":3},"r":{"a":0,"k":0,"ix":6},"o":{"a":0,"k":50,"ix":7},"sk":{"a":0,"k":0,"ix":4},"sa":{"a":0,"k":0,"ix":5},"nm":"Transform"}],"nm":"Group 1","np":2,"cix":2,"bm":0,"ix":1,"mn":"ADBE Vector Group","hd":false},{"ty":"gr","it":[{"ind":0,"ty":"sh","ix":1,"ks":{"a":0,"k":{"i":[[0,0],[164.676,95.692],[11.736,513.383],[4.985,57.3],[-22.048,-4.153],[-106.224,-345.813]],"o":[[0,0],[-164.675,-95.692],[-6.872,-300.557],[-1.944,-22.352],[155.962,29.381],[125.929,409.965]],"v":[[243.902,824.115],[87.729,370.891],[-401.789,-298.01],[-421.082,-787.277],[-381.116,-823.517],[387.722,-327.391]],"c":true},"ix":2},"nm":"Path 1","mn":"ADBE Vector Shape - Group","hd":false},{"ty":"fl","c":{"a":0,"k":[0.741176486015,0.815686285496,0.984313726425,1],"ix":4},"o":{"a":0,"k":100,"ix":5},"r":1,"bm":0,"nm":"Fill 1","mn":"ADBE Vector Graphic - Fill","hd":false},{"ty":"tr","p":{"a":0,"k":[986.054,1455.793],"ix":2},"a":{"a":0,"k":[0,0],"ix":1},"s":{"a":0,"k":[100,100],"ix":3},"r":{"a":0,"k":0,"ix":6},"o":{"a":0,"k":100,"ix":7},"sk":{"a":0,"k":0,"ix":4},"sa":{"a":0,"k":0,"ix":5},"nm":"Transform"}],"nm":"Group 2","np":2,"cix":2,"bm":0,"ix":2,"mn":"ADBE Vector Group","hd":false}],"ip":0,"op":528,"st":0,"ct":1,"bm":0},{"ddd":0,"ind":10,"ty":4,"nm":"bg shape","sr":1,"ks":{"o":{"a":0,"k":100,"ix":11},"r":{"a":0,"k":0,"ix":10},"p":{"a":0,"k":[1871.711,1849.239,0],"ix":2,"l":2},"a":{"a":0,"k":[0,0,0],"ix":1,"l":2},"s":{"a":1,"k":[{"i":{"x":[0.667,0.667,0.667],"y":[1,1,1]},"o":{"x":[0.333,0.333,0.333],"y":[0,0,0]},"t":145,"s":[100,100,100]},{"i":{"x":[0.667,0.667,0.667],"y":[1,1,1]},"o":{"x":[0.333,0.333,0.333],"y":[0,0,0]},"t":178,"s":[105,105,100]},{"t":210,"s":[100,100,100]}],"ix":6,"l":2}},"ao":0,"shapes":[{"ty":"gr","it":[{"ind":0,"ty":"sh","ix":1,"ks":{"a":0,"k":{"i":[[426.748,-449.267],[42.099,-30.207],[124.446,25.276],[256.817,302.012],[-301.38,475.192],[-591.859,77.367],[-302.364,-253.321]],"o":[[-56.314,59.285],[-494.861,355.068],[-183.768,-37.324],[-388.543,-456.919],[55.127,-86.921],[358.186,-46.821],[634.689,531.744]],"v":[[1053.34,990.08],[901.644,1117.804],[-303.216,1344.095],[-1099.021,932.612],[-1125.682,-719.363],[-187.498,-1366.08],[890.583,-1065.147]],"c":true},"ix":2},"nm":"Path 1","mn":"ADBE Vector Shape - Group","hd":false},{"ty":"gf","o":{"a":0,"k":100,"ix":10},"r":1,"bm":0,"g":{"p":3,"k":{"a":0,"k":[0,0.855,0.89,0.996,0.5,0.884,0.914,0.994,1,0.914,0.937,0.992],"ix":9}},"s":{"a":0,"k":[1727.289,2190.761],"ix":5},"e":{"a":0,"k":[-724.394,-854.075],"ix":6},"t":1,"nm":"Gradient Fill 1","mn":"ADBE Vector Graphic - G-Fill","hd":false},{"ty":"tr","p":{"a":0,"k":[0,0],"ix":2},"a":{"a":0,"k":[0,0],"ix":1},"s":{"a":0,"k":[100,100],"ix":3},"r":{"a":0,"k":0,"ix":6},"o":{"a":0,"k":100,"ix":7},"sk":{"a":0,"k":0,"ix":4},"sa":{"a":0,"k":0,"ix":5},"nm":"Transform"}],"nm":"Group 1","np":2,"cix":2,"bm":0,"ix":1,"mn":"ADBE Vector Group","hd":false}],"ip":0,"op":528,"st":0,"ct":1,"bm":0}],"markers":[],"props":{}}